Title | Year | RQ1_Datasets | RQ1_Image_Count | RQ1_Class_Balance | RQ2_Preprocessing | RQ2_Augmentation | RQ3_RQ4_Seg_Scope | RQ5_RQ6_Class_Scope | RQ7_Model_Architecture | RQ7_Novelty | RQ7_Transfer_Learning | RQ8_Metrics_Used | RQ8_Best_Result | RQ8_SOTA_Compare | RQ9_Limitations | RQ10_Future_Work
Deep Learning based Model for Detection of Vitiligo Skin Disease using Pre-trained Inception V3  | 2023  | Kaggle (Zienab_esam, 2022)  | 1202  | No (Healthy: 847, Vitiligo: 355)  | N/A | N/A | N/A | Binary (Healthy Skin vs Vitiligo Skin)  | Inception V3 (Feature Extraction) + Random Forest, Naive Bayes, Decision Tree, CNN (Classifiers)  | Transfer Learning  | Yes (Inception V3)  | Accuracy, Recall, Precision, AUC, F1-score, ROC  | ACC: 99.9%, AUC: 1.00 (Inception V3 + Random Forest)  | Yes  | Dataset limitation (size) implies need for more extensive primary research  | Expand dataset with augmentation; conduct extensive primary research  | 6
A GAN-Based Data Augmentation Method for Imbalanced Multi-Class Skin Lesion Classification | 2024 | HAM10000 | 10,015 (Base) + 18,500 (Synthetic) | No (Imbalanced) | Center-crop (450x450), Resize (256x256) | Geometric, Color (TDA), Test-Time Augmentation (TTA), GAN-based synthesis | N/A | Multi-class (MEL, NV, BCC, AKIEC, BKL, DF, VASC) | STGAN (Generator), ResNet50 (Classifier) | New Architecture (STGAN), Transfer Learning | Yes [ImageNet] | FID, Inception Score, Precision, Recall (GAN); Accuracy, Sensitivity, Precision, F1-score, Specificity (Classification) | ACC: 98.23%, F1: 89.48% | Yes | Generated images retain natural artifacts (hair, veins) from original data, potentially affecting performance | Use image inpainting to remove artifacts before GAN training | 9
MAGRes-UNet: Improved Medical Image Segmentation Through a Deep Learning Paradigm of Multi-Attention Gated Residual U-Net | 2024 | HAM10000 | 10015 | N/A | Resizing (implied for U-Net) | N/A | Lesion Boundary | N/A | MAGRes-UNet (Residual U-Net + Multi-Attention Gates + Mish Activation) | New Architecture | No | Dice, Accuracy | Significant improvement over U-Net, MAG-UNet, ResUNet | Yes | N/A | N/A | 8
A comparative study of deep learning architectures on melanoma detection | 2019 | ISIC 2018 (HAM10000) | 10,015 | No (Imbalanced); Balanced via Oversampling/Augmentation | Illumination correction (Shades-of-Grey, Quadratic function), Contrast enhancement, Color space transformation (RGB to HSV), Resizing, Normalization, Standardization | Horizontal/Vertical flips, Random contrast, Random brightness | N/A | Multi-class (Melanoma, Melanocytic nevus, Basal cell carcinoma, Actinic keratosis, Benign keratosis, Dermatofibroma, Vascular lesion) | ResNet50, AlexNet, VGGNet16, VGGNet19, Xception | Standard Architectures (Comparative Study) | Yes [ImageNet] | Specificity, Sensitivity, Accuracy, F-measure, Precision, ROC/AUC | ACC: 92.08%, F-Score: 92.74% (ResNet50 with augmentation) | Yes | Imbalanced classes, image quality limitations (noise, shadows, artifacts) | Boost accuracy using deep learning-based ensemble models | 9
A comprehensive review on federated learning based models for healthcare applications | 2023 | HAM10000, Skin Cancer Dataset, CSPC (Prostate)  | HAM10000 (Large, unspecified count)  | Imbalanced (CSPC); HAM10000 described as not requiring augmentation (likely error)  | Normalization, Downsampling  | Flipping, Random non-rigid deformation (Wicaksana)  | N/A | Multi-class (Skin Lesion/Cancer)  | ResNet18, CNN  | Federated Learning (CusFL, FedPxN)  | Yes (ResNet18)  | Accuracy, AUROC, Loss  | AUROC: 70.08% (FedPxN on Skin Cancer)  | Yes  | Non-IID data distribution, model scalability, small datasets, data leakage, limited augmentation  | Explore FTL/VFL, larger datasets, more augmentation techniques  | 4
A Comprehensive Systematic Review of YOLO for Medical Object Detection (2018 to 2023) | 2024 | Public (LUNA16, DDSM, INbreast, TCIA, COCO, MAFA) and Private (e.g., Vitiligo, Gallstone, Gastroscopy)  | Varies significantly by study (e.g., 223,846 Gallstone CTs, 2,000 COVID X-rays, 410 Mammograms)  | Imbalanced (Identified as a major challenge and limitation in medical datasets)  | Preprocessing DICOM to images, Resizing (implied by YOLO architecture)  | Mosaic data augmentation (YOLOv4), Standard augmentations (implied by YOLO frameworks), Transfer Learning pre-training  | Both (Primary focus on Object Detection; Segmentation mentioned for organs/lesions via YOLO-LOGO/Panoptic YOLO)  | Both (Binary: Benign/Malignant, Polyp/No Polyp; Multi-class: Lesion types, Surgical tools, Face masks)  | YOLOv1-v8, YOLO-NAS, PP-YOLO, YOLOR, YOLOX (Backbones: Darknet, ResNet, EfficientRep)  | Review of Standard and Novel Variants (e.g., YOLO-LOGO, SMD-YOLO, YOLO-CIR)  | Yes [ImageNet, COCO] | mAP, Accuracy, Precision, Recall, F1-score, Sensitivity, Specificity, IoU, FPS  | Accuracy: 99.1% (Breast Cancer); mAP: 96.22% (Colorectal Polyp)  | Yes (Comparisons with Faster R-CNN, SSD, RetinaNet)  | Sensitivity to object scale (small objects), occlusion, large dataset requirement, class imbalance, computational cost, data privacy  | Develop healthcare-specific YOLO variants; integrate with Reinforcement Learning/Transfer Learning; improve small object detection; use LLMs  | 10
A deep learning outline aimed at prompt skin cancer detection utilizing gated recurrent unit networks and improved orca predation algorithm | 2024 | HAM10000 | 10,015 | Balanced via Random Oversampling (ROS) | Median filtering, Resizing, Random Oversampling (ROS) | Random Oversampling (ROS) | N/A | Multi-class (Melanoma, BCC, AKIEC, Dermatofibroma, Vascular lesions, Benign keratosis-like, Melanocytic nevi) | Gated Recurrent Unit (GRU) Network (Optimized by IOPA) | Improved Orca Predation Algorithm (IOPA) for hyperparameter optimization; Pure GRU approach | No | Sensitivity, Specificity, PPV, NPV, Accuracy | Accuracy: 99%, Sensitivity: 0.95 | Yes | Model interpretability (black box), high computational cost, need for large annotated datasets, generalization to diverse populations | Validate on larger/diverse datasets; optimize clinical feasibility; address ethical and privacy concerns | 9
A GAN-based image synthesis method for skin lesion classification  | 2020  | ISIC 2018 (HAM10000)  | 10,015  | No (Imbalanced)  | Normalization, Resizing  | GAN-based data augmentation (SL-StyleGAN)  | N/A  | Multi-class (AKIEC, BCC, BKL, DF, MEL, NV, VASC)  | ResNet50  | New Architecture (SL-StyleGAN for synthesis), Transfer Learning (for classification)  | Yes [ImageNet]  | Accuracy, Sensitivity, Specificity, Precision, Average Precision (AP), Balanced Multiclass Accuracy (BMA)  | ACC: 95.2%, BMA: 83.2%  | Yes  | Synthetic images lack diversity (low recall/mode monotony); limited improvement for some classes  | Improve diversity of synthetic images; optimize feature extraction; determine optimal amount of supplementary data  | 10
A hybrid deep learning skin cancer prediction framework | 2024 | Generalized Skin Cancer Dataset (Combined: ISIC-2019, 7-point, PH2, DermIS, Dermquest, MED-NODE, SKINL2)  | 27,108  | No (Imbalanced); Balanced via SMOTE and Augmentation  | Hair removal (Morphological operations), Resizing (224x224), Intensity Normalization, Contrast enhancement  | Rotation, cropping, mirroring, shifting, zooming, flipping  | Lesion Boundary (Otsu's thresholding)  | Multi-class (MEL, NV, BCC, AK, BKL, DF, VASC, SCC, UNK)  | Xception (optimized with Artificial Bee Colony), DenseNet121, EfficientNetB0, InceptionResNetV2, MobileNetV2, ResNet50, ResNet152V2, VGG16  | Hybrid framework utilizing Artificial Bee Colony (ABC) for weight optimization and a generalized dataset  | Yes  | Accuracy, Recall, Precision, F1-score, AUC, ROC  | ACC: 93.04%, F1: 93.12%, AUC: >98% (Xception + ABC)  | Yes  | Reliance on internet access for cloud training; computational cost of optimization; general limitations of DL parameter initialization  | Evaluate on different datasets/applications; apply optimization to ensemble learning methods (e.g., ensemble transformer encoder)  | 10
A Non-Invasive Interpretable Diagnosis of Melanoma Skin Cancer Using Deep Learning and Ensemble Stacking of Machine Learning Models  | 2022  | ISIC 2018 (Miniature balanced version)  | 3,297  | Yes (Balanced: 1440 Benign, 1197 Malignant in training)  | Rescaling, Normalization, Shuffling  | Rotation, Shear, Zoom, Horizontal/Vertical Flip  | N/A | Binary (Malignant vs. Benign)  | MobileNet, Xception, ResNet50, ResNet50V2, DenseNet121 (DL); Logistic Regression, SVM, RF, KNN, GBM (ML Stacking)  | Ensemble Stacking, Interpretability (SHAP)  | Yes [ImageNet]  | Accuracy, F1-score, Cohen's Kappa, Confusion Matrix, ROC/AUC  | ACC: 92.0%, AUC: 0.97 (Ensemble of 3 best DL models)  | Yes  | Small dataset size; images contain occlusions like hair or rulers  | Combine ML and DL approaches; efficient data purification to remove occlusions  | 9
A novel CNN-ViT-based deep learning model for early skin cancer diagnosis | 2025 | ISIC 2019, HAM10000 | 35,346 (ISIC 2019: 25,331; HAM10000: 10,015) | No (Imbalanced) | Normalization (ImageNet-based) | Scaling, Smoothing, Mix-up, Color Jitter, Flipping | N/A | Multi-class (ISIC 2019: MEL, NV, BCC, AK, BKL, DF, VASC, SCC; HAM10000: 7 classes) | Proposed MetaFormer (Scaled CAFormer-S24 + Focal Self-Attention) | New Architecture (Hybrid CNN-ViT with Focal Self-Attention) | Yes [ImageNet] | Accuracy, Precision, Recall, F1-score | ACC: 95.01% (HAM10000), 92.54% (ISIC 2019) | Yes | Lower performance in minority classes (e.g., AK, SCC) due to imbalance; diminishing returns with excessive scaling | Integrate multimodal data; extend to other dermatological conditions; validate in real-world clinical environments | 10
A novel end-to-end deep convolutional neural network based skin lesion classification framework | 2024 | HAM10000  | 10,000  | Yes (Equal sampling via random image generator)  | Grayscale conversion, Resizing (224x224), Modified Gaussian Filtering (Segmentation), Modified SFTA (Feature Extraction)  | None reported (Dropout used for ensemble effect)  | Lesion Boundary  | Multi-class (Melanocytic nevi, Melanoma, Benign keratosis-like lesions, Basal cell carcinoma, Actinic keratoses, Vascular lesions, Dermatofibroma)  | S-MobileNet (Modified MobileNet with Mish activation and L1-norm pruning)  | New Architecture (Modified MobileNet)  | No  | Accuracy, Precision, F1-score, Loss  | ACC: 98.345%  | Yes  | Difficulty comparing latency due to hardware differences; potential for over-segmentation  | Validate on other datasets (ISBI 2016, PH2, PAD-UFES-20); real-time application  | 10
A novel hybrid ConvNeXt-based approach for enhanced skin lesion classification | 2025 | HAM10000, ISIC 2019 | 35,346 (HAM10000: 10,015; ISIC 2019: 25,331) | No (Imbalanced) | Resizing (224x224), Normalization | Scaling, Rotation, Flipping, Color alterations, Translation, Noise addition, RandAugment, MixUp, CutMix, Random Erasing | N/A | Multi-class (HAM10000: AK, BCC, BKL, DF, MEL, NV, VASC; ISIC 2019: Adds SCC) | Hybrid ConvNeXt-CAFormer (MetaFormer-based) | New Architecture (ConvNeXt + CAFormer) | Yes [ImageNet] | Accuracy, Precision, Recall, F1-score, Cohen's Kappa, Balanced Accuracy | ACC: 94.30% (HAM10000), 92.50% (ISIC 2019) | Yes | Generalizability limited by dataset diversity (skin types/biases); higher computational cost than simple CNNs | Validate on larger/diverse datasets; apply SMOTE for imbalance; explore meta-learning and semi-supervised learning; optimize for mobile devices | 10
A novel melanoma prediction model for imbalanced data using optimized SqueezeNet by bald eagle search optimization | 2021 | ISIC 2020, ISIC 2019 | 33,126 (ISIC 2020), 25,331 (ISIC 2019) | No (Imbalanced); Balanced via Random Over-Sampling (ROS) | Resizing (227x227), Random Over-Sampling (ROS) | Random Translation, Scale, Rotation, Reflection, Shear | N/A | Binary (Melanoma vs. Normal), Multi-class (ISIC 2019: 8 classes) | SqueezeNet (Optimized by Bald Eagle Search) | Optimization of Standard Architecture (BES-SqueezeNet) | Yes (Pre-trained SqueezeNet) | Accuracy, Specificity, Sensitivity, F-score, AUC | ACC: 98.37%, F-Score: 98.40%, AUC: 0.99 (ISIC 2020) | Yes | Lack of ground truth for ISIC 2020 test set; training time increases exponentially with epochs | Extend to classify specific melanoma subtypes; apply to other domains (e.g., agriculture); explore recent swarm algorithms | 9
A Novel Vision Transformer Model for Skin Cancer Classification | 2023 | HAM10000, Edinburgh DERMOFIT | 10,015 (HAM10000); 1,300 (DERMOFIT) | No (Imbalanced); Balanced via Random Oversampling and Undersampling | Resizing (384x384), Normalization (0-1), Patch Extraction | Rotation, Width/Height Shift, Zoom, Flip, Random Saturation, Contrast, Brightness | N/A | Multi-class (7 classes: AKIEC, BCC, BKL, DF, MEL, NV, VASC; 10 classes for DERMOFIT) | ViTfSCD (Based on ViT-Base/Large with modified classification head) | New Architecture (ViTfSCD with Batch Norm in head) | Yes [ImageNet] | Accuracy, Precision, Sensitivity, Specificity, F1-score | ACC: 94.1% (ViTfSCD-Large on HAM10000) | Yes | High computational cost/parameters; Data hungry (needs large pretraining); Poor generalization to mobile/noisy images | Scale up model size; Pretrain on larger datasets (e.g., JFT-300M) | 10
A review on recent developments in cancer detection using Machine Learning and Deep Learning models  | 2023  | PH2, ISIC (2016, 2017, 2018), HAM10000, DermIS, DermQuest  | Varies significantly by reviewed study (e.g., 200 to 25,000)  | No (Imbalanced)  | Resizing, Gaussian Filtering, Morphological Operations, Normalization, Image Enhancement (MGI)  | Data Augmentation (General), Binary Image Resizing  | Both (Lesion Boundary via Otsu/Superpixels; Attributes via ABCD)  | Both (Binary: Benign/Malignant; Multi-class: 6 types incl. BCC, SCC, Melanoma)  | CNN, ResNet50, InceptionV3, InceptionResNet50, MobileNetV2, SNN, SVM, ANN, Ensemble  | Systematic Review of existing methods  | Yes [ResNet50, InceptionV3, InceptionResNet50]  | Accuracy, Specificity, Sensitivity, Precision, Recall, F1-score, AUC  | ACC: 97.7% (ANN on ISIC + PH2)  | Yes  | Unbalanced datasets; Noise (lighting/distance); Misdiagnosis in dark skin and rare diseases; High computational cost  | Develop algorithms for rare skin diseases; Address bias in dark skin diagnosis; Publish larger public datasets; Explore hybrid models  | 8
A scoping review of transfer learning research on medical image analysis using ImageNet | 2021 | Various (Review of 102 studies; 7% Skin Lesion) | Varies (<1k to >10k) | N/A (Review) | None reported (Focus on Augmentation) | Rotation, Translation, Scaling, Flipping | N/A (Focus on Classification) | Both (Binary: 71%, Categorical: 25%) | VGGNet (Most common for Skin: 50%), Inception, ResNet, AlexNet | Review of Transfer Learning Methods | Yes [ImageNet] | Accuracy | N/A (Aggregated review) | Yes | Lack of systematic benchmarking; majority of studies did not use visualization; lack of reporting on dataset sizes | Find optimal dataset size thresholds; explore GANs for augmentation; apply visualization for interpretability; systematic benchmarking | 7
A survey on cancer detection via convolutional neural networks: Current challenges and future directions | 2024 | ISIC (2016, 2017, 2018, 2019, 2020), PH2, HAM10000, DermIS, DermQuest, MED-NODE | Varies (e.g., HAM10000: 10,015; ISIC Combined: 36,502; ISBI 2016: 1,279) | No (Imbalanced) | Resizing, Normalization, Noise Reduction, Image Enhancement | Cropping, Shearing, Rotation, Mirroring, Skewing, Flip, Scaling, Adding Noise, GANs | Lesion Boundary | Both (Binary: Benign vs Malignant; Multi-class: Melanoma vs others) | ResNet, VGG, AlexNet, Xception, InceptionV3, MobileNet, DenseNet, EfficientNet, U-Net | Survey of Standard, Customized, and Ensemble architectures | Yes [ImageNet] | Accuracy, Precision, Recall, Specificity, F1-score, AUC, Dice, Jaccard | ACC: 99.33% (EfficientNet on ISIC combined) | Yes | Lack of large datasets; Data imbalance; Annotation difficulties; Black-box nature (explainability); High computational cost | Explainable AI (XAI); Lightweight CNNs; Vision Transformers (ViT); Semi-supervised learning; Multi-modal data integration | 10
A survey on deep learning for skin lesion segmentation | 2023 | ISIC (2016-2020), PH2, DermoFit, HAM10000, DermQuest, MED-NODE  | Varies (e.g., HAM10000: 10,015; ISIC 2020: 33,126; PH2: 200)  | No (Imbalanced); Balanced via Weighted Loss, Focal/Tversky Loss, GANs  | Downsampling, Color space transformations (HSV, CIELAB), Contrast enhancement, Color normalization, Artifact removal (Hair)  | Geometric (Flip, Rotate, Scale), Photometric, Elastic deformation, GAN-based synthesis  | Both (Primary: Lesion Boundary; Secondary: Attributes/Multi-class)  | Both (Multi-task models: Melanoma vs. Non-Melanoma; 7-point classes)  | FCN, U-Net (and variants: R2U-Net, Attention U-Net), DeepLab, GANs, Transformers (TransUNet, Swin-Unet)  | Survey of Standard and Novel Architectures  | Yes [ImageNet] (Pre-trained backbones in surveyed works)  | Jaccard, Dice, Cross-Entropy, Accuracy, Sensitivity, Specificity, MCC  | Jaccard: 97.4% (Basak et al. on HAM10000)  | Yes  | Small/Imbalanced datasets; Annotation variability/noise; Generalization to diverse skin tones/mobile; Reproducibility (code scarcity)  | Lightweight models for mobile; Diverse skin tone datasets; Weakly/Unsupervised learning; Multi-class attribute segmentation  | 10
A survey on U-shaped networks in medical image segmentations | 2020 | ISIC 2017, ISIC 2018, PH2 (implied by references) | 2,600 (ISIC 2017: 2000 Train/600 Test); 3,594 (ISIC 2018: 2594 Train/1000 Test) | N/A (Survey) | Image pre-processing (General mention) | Data Augmentation (General mention) | Lesion Boundary | N/A (Focus on Segmentation) | U-Net, R2U-Net, MultiResUNet, Attention U-Net, DenseUNet, Dilated U-Net | Survey of U-Net variants | Yes (Implied in surveyed works) | Dice, IOU | N/A (Qualitative: "Impressive achievement" for R2U-Net; "Remarkable performance" for MultiResUNet) | Yes | Lack of interpretability ("Black box"); Generalization issues across tasks; Limited sample sizes | Improve interpretability; Develop hybrid architectures (multi-scale, multi-modality); Use 3D images; Explore data augmentation | 10
A survey, review, and future trends of skin lesion segmentation and classification | 2023 | ISIC (2016-2020), PH2, IAD, IRMA, Dermaquest  | Varies (e.g., ISIC-20: 33,126; PH2: 200)  | No (Imbalanced); Balanced via Class weighting, Augmentation, SMOTE, Undersampling  | Hair removal, Normalization, Standardization, Median/Mean/Gaussian filtering, Color space transformation, Contrast enhancement, CLAHE, Inpainting  | Rotation, Flipping, Scaling, Cropping, Shifting, Shearing, Color jittering, Elastic distortion, GANs, Gaussian noise  | Both (Lesion Boundary; Attributes mentioned)  | Both (Binary: Nev vs Mel; Multi-class: 7-8 classes)  | Survey of CNNs (ResNet, VGG, DenseNet, EfficientNet, MobileNet, Inception), U-Net, Transformers  | Survey  | Yes [ImageNet, PASCAL-VOC, MS-COCO]  | Accuracy, Sensitivity, Specificity, Precision, F1-score, Dice (DSC), Jaccard (IoU), AUC, MCC, Hausdorff Distance  | N/A (Review) | Yes | Small/Imbalanced datasets; Lack of ground truth; "Black box" interpretability; Lack of real-time clinical applications  | Develop larger diverse datasets; Focus on real-time clinical applications; Improve Explainable AI (XAI) and Trustworthiness; Crowdsource annotations  | 10
A systematic review and meta-analysis of artificial intelligence versus clinicians for skin cancer diagnosis | 2024 | Various (Review of 53 studies; e.g., ISIC, HAM10000, MED-NODE, PH2) | N/A (Meta-analysis of 19 studies) | N/A (Review) | N/A (Review) | N/A (Review) | N/A (Focus on Classification) | Both (Binary: Benign/Malignant; Multi-class: Specific diagnoses) | Review of CNNs (ResNet, Inception, EfficientNet, VGG, MobileNet, GoogleNet) | Systematic Review & Meta-analysis | Yes (Implied in reviewed works) | Sensitivity, Specificity, ROC/AUC, Likelihood Ratio | AI Overall: Sn 87.0%, Sp 77.1% (Superior to Generalists; Comparable to Experts) | Yes (AI vs. Clinicians) | Reliance on retrospective studies; lack of dataset diversity (skin types) and metadata; potential dataset overlap; lack of real-world validation | Focus on prospective randomized clinical trials; develop AI-assisted workflows (augmented intelligence); standardization of reporting guidelines (CLEAR derm) | 10
An approach for multiclass skin lesion classification based on ensemble learning | 2021 | HAM10000, ISIC 2019 | 18,730 | No (Imbalanced); Balanced via Cost-Sensitive Learning (Class Weights) | Hair removal (BlackHat filtering, Inpainting), Median filtering, Resizing (224x224) | Rotation, Flipping, Shearing, Zooming | N/A | Multi-class (AKIEC, BCC, BKL, DF, MEL, NV, VASC) | ResNeXt101, SeResNeXt101, ResNet152V2, DenseNet201, Xception | Ensemble (Weighted Average) | Yes [ImageNet] | Recall (Macro-average), Precision, F1 score, MCC, Accuracy, ROC-AUC | Recall: 94%, ACC: 88% (Weighted Ensemble) | Yes | Insufficient data; similarity in base model architectures (ResNet family) reduced ensemble diversity; lack of attention mechanisms | Use advanced augmentation (GANs, Neural Style Transfer); Attention mechanisms; incorporate more diverse model architectures | 10
An Efficient Deep Learning-Based Skin Cancer Classifier for an Imbalanced Dataset | 2022  | HAM10000  | 10,015 (Original); >30,000 (Augmented)  | No (Imbalanced); Balanced via Data Augmentation  | Normalization, Resizing, Rescaling (1/255)  | Rotation, Translation, Rescaling, Flipping, Shearing, Stretching  | N/A | Multi-class (AKIEC, BCC, BKL, DF, MEL, NV, VASC)  | RegNetY-320, Inception V3, AlexNet  | Application of RegNetY-320; Augmentation Framework  | Yes (Fine-tuning implied)  | Accuracy, F1-score, ROC curve  | ACC: 91%, F1: 88.1%, ROC: 0.95 (RegNetY-320 on balanced data)  | Yes  | Generalizability unknown (only tested on HAM10000); potential bias from dataset  | Test on larger training sets and other datasets; compare performance with dermatologists  | 9
An efficient image segmentation method for skin cancer imaging using improved golden jackal optimization algorithm | 2022 | ISIC (Subset) | 10 (Randomly selected for testing) | N/A (Segmentation task) | None reported | None reported | Lesion Boundary (Multilevel Thresholding) | N/A | IGJO (Improved Golden Jackal Optimization) based on Otsu's method (Meta-heuristic, not Deep Learning) | Optimization of GJO using Opposition-Based Learning (OBL) | No | PSNR, SSIM, FSIM, MSE | PSNR: ~28.3 dB (Test 10, Level 5); IGJO outperformed competitors | Yes (WOA, SOA, SSA, HHO, GTO, MPA, GJO) | Small dataset size (10 images); limited to thresholding segmentation | Expand dataset; combine with Machine Learning/Deep Learning; apply to multi-objective problems | 5
An Enhanced Transfer Learning Based Classification for Diagnosis of Skin Cancer | 2022 | Kaggle | 3,297 | No (Imbalanced); Augmented (Training set doubled) | None reported | Rotation (90°), Flipping (Horizontal/Vertical), Brightness adjustment | N/A | Binary (Benign vs Malignant) | VGG16 (Modified with LeakyReLU/Sigmoid dense layers) | Fine-tuning / Modified Architecture | Yes [ImageNet] | Accuracy, Precision, Sensitivity, F1 Score | ACC: 89.09% | Yes | Scope for improving overall accuracy and balancing True Positives/True Negatives | Build more suitable models; enhance TP/TN rates simultaneously | 8
An improved transformer network for skin cancer classification | 2022 | HAM10000, Private Clinical Dataset | 11,031 (HAM10000: 10,015; Private: 1,016) | No (Imbalanced); Balanced via Label Shuffling | Normalization (Z-score) | Horizontal/Vertical flip, Random crop, Random rotation, Color jitter | N/A | Multi-class (HAM10000: 7 classes; Private: BCC, SCC, MM) | SkinTrans (Improved Vision Transformer with Multi-scale sliding windows) | New Architecture (SkinTrans with Contrastive Learning) | Yes (Pre-trained on HAM10000) | Accuracy, Precision, Recall, F1-score, AUC | ACC: 94.3%, AUC: 0.987 (HAM10000) | Yes | Slow processing speed for high-resolution images; limited clinical trial validation | Optimize processing speed for large images; develop unified multimodal model; collect more clinical data | 10
Analysis of the ISIC image datasets: Usage, benchmarks and recommendations | 2022 | ISIC 2017, ISIC 2018, ISIC 2019, ISIC 2020 | 93,083 (Total Raw); 56,987 (Curated) | No (Imbalanced); Balanced via Undersampling | Duplicate Removal, Resizing (224x224), Center-cropping | Rotation, Zoom, Width/Height Shift, Shearing, Horizontal/Vertical Flip | N/A | Both (Binary: Melanoma vs. Non-Melanoma; Multi-class: 7 classes) | DenseNet (121, 169, 201), EfficientNet (B0-B4), InceptionResNetV2, InceptionV3, ResNet (50, 101, 152, V2), VGG (16, 19), Xception | Benchmark / Analysis | No (Explicitly stated for baseline experiments) | AUC, Accuracy, Precision, Recall, F1-score | AUC: 0.80 (VGG19 on ISIC 2020) | Yes | Class imbalance in test sets; Lack of ground truth for ISIC 2020 test set; Dataset noise (hair, rulers, markers) affects accuracy; Small dataset size after balancing | Use ensemble networks for noise; Compare balancing techniques (augmentation vs undersampling); Investigate feature extraction and color spaces | 10
Artificial intelligence and machine learning algorithms for early detection of skin cancer in community and primary care settings: a systematic review | 2022 | ISIC, Derm-IS, Derm-Quest, PH2, Derm-Net, Derm-Atlas, MED-NODE, Dan Derm, Skin-EDRA | N/A (Review of 272 studies) | No (Imbalanced); 16% of studies had balanced/more malignant cases | N/A (Review) | N/A (Review) | N/A (Focus on Classification/Triage) | Both (Binary: Malignant vs Benign; Multi-class: Melanoma vs KC vs Benign; Triage) | Deep Learning (CNNs), SVM, ANN, Statistical models | Systematic Review | N/A (Review) | Sensitivity, Specificity, PPV, NPV, AUROC, Accuracy, F1-score | Melanoma Mean: Sn 84.2%, Sp 89.1%, ACC 89.5% | Yes (AI vs Clinicians) | Spectrum bias (specialist data used for primary care); Small datasets/overfitting; Lack of diversity (skin types); Poor reporting quality; Lack of prospective real-world validation | Validate in prospective real-world primary care settings; Use proposed checklist for reporting; Focus on triage tasks; Improve dataset diversity; Conduct health economic analysis | 10
Artificial intelligence in cancer diagnosis and therapy: Current status and future perspective  | 2023  | ISIC 2017, HAM10000, MClass-D, Clinical Images (Esteva)  | 129,450 (Esteva); 100 (MClass-D)  | N/A (Review) | Gaussian filtering, K-means clustering, PCA  | N/A (Not reported for skin) | Lesion Boundary  | Both (Binary: Mel vs Nevi, KC vs BSK; Multi-class: 5 classes)  | ResNet50, SkinNet-16, Deep CNNs, DBN  | Review of existing models (SkinNet-16, DUNEScan)  | Yes (implied for ResNet50)  | Sensitivity, Specificity, Accuracy, AUC  | ACC: 99.19% (SkinNet-16 on ISIC); Sn: 69.2%, Sp: 84.2% (ResNet50)  | Yes (vs Dermatologists)  | Lesion variability (size, borders), skin tone diversity, illumination issues, overfitting, privacy concerns, lack of standardized data  | Standardize training sets; adopt unsupervised learning; real-time clinical application; collaboration  | 7
Artificial Intelligence in Dermatology: Challenges and Perspectives  | 2022  | ISIC (Review)  | N/A (Commentary) | N/A (Commentary) | Image segmentation, Resizing (in DICOM context)  | N/A (Review) | Lesion Boundary  | Both (Melanoma, NMSC, Benign)  | CNN, Deep Learning, CCNN  | Commentary/Perspective  | No | Sensitivity, Specificity  | N/A (Review) | Yes (Clinicians)  | Lack of generalizability; confounding factors (rulers, markers, image quality); dataset bias (lack of skin tone diversity); "black box" interpretability; consumer trust  | Real-life clinical trials; human-machine collaboration; precision prevention; teledermatology; use of DICOM standards; inclusion of metadata (age, skin type)  | 7
Artificial Intelligence in Dermatology Image Analysis: Current Developments and Future Trends | 2022 | ISIC (2016-2021), HAM10000, BCN20000, PH2, XiangyaDerm-Pso9, MED-NODE, 7-point | Varies (Review of 143 studies; e.g., ISIC >80,000; HAM10000: 10,015) | No (Mentions small sample sizes and inadequate annotation as challenges) | Segmentation, ROI extraction, 3D imaging reconstruction | Transfer Learning, GANs (for image synthesis and augmentation) | Morphological (Asymmetry, Border, Color, Diameter), Texture, Wrinkles, Pores, Vascularity | Multi-class (Melanoma, BCC, SCC, Nevi), Inflammatory (Psoriasis, Eczema, Acne, Vitiligo), Aesthetic | CNN (GoogleNet, Inception-V3/V4, ResNet, DenseNet), GANs, ANN; Commercial systems (Vectra, VISIA, FotoFinder, Antera 3D) | Review of existing models and commercial systems | Yes [ImageNet implied] | Accuracy, Sensitivity, Specificity, F1-score, Jaccard Index | Varies (e.g., Moleanalyzer Pro: Sensitivity ~95%); generally comparable or superior to dermatologists | Yes (AI vs. Dermatologists) | Small/inadequate datasets; lack of standardization; "black box" interpretability; rare diseases; ethical/legal/security concerns; disjunction between AI and clinical needs | Integration with 5G and IoT (Cloud healthcare); Robotic surgery assistance; Transmedia intelligent medical equipment; AI consultation; 3D total-body photography | 10
Artificial Intelligence-Based Image Classification for Diagnosis of Skin Cancer: Challenges and Opportunities | 2020 | ISIC (Challenges, HAM10000, BCN20000), Interactive Atlas, Dermofit, PH2, MED-NODE, Asan, Hallym, SD-198, SD-260, Dermnet NZ, Derm7pt, TCGA | Varies (e.g., ISIC Combined: ~129,450; SD-260: 20,600; PH2: 200) | No (Imbalanced); Mentions GANs and weighting for balancing | Color Constancy (Shades of Gray, max-RGB) | Rotation, Random Crop, Flip (Horizontal/Vertical), Translation, Shear, Color Jitter, Colorspace, GANs | Lesion Boundary (Mentioned in reviewed works like Jiang et al. and ROI detection) | Both (Binary: Malignant vs. Benign; Multi-class: Melanoma, BCC, SCC, Nevi, up to 198 classes) | ResNet (50, 152), Inception (V3, V4), VGG19, Faster R-CNN, GANs | Review of Standard Architectures and Ensembles | Yes (Fine-tuning mentioned) | Accuracy, Sensitivity, Specificity, AUROC, F1-score, F-Measure | Sn: 95%, Sp: 76.7% (Haenssle et al. on dermoscopy); AUC: 0.987 (Jiang et al. on histopathology) | Yes (AI vs. Dermatologists) | Unbalanced datasets; "Black box" interpretability; Lack of clinical metadata (history, age); Inter-class mimics and Intra-class variations; Racial bias (lack of dark skin data); Noisy real-life data; Rare diseases ignored | Balanced/Diverse datasets (race, age); Color constancy; GANs for augmentation; Semantic explanation (ABCDE, 7-point); Multi-model ensembles; Integrating clinical metadata; Complete diagnosis pipeline (Dermoscopy + Histopathology) | 10
Artificial Intelligence in Dermatology: A Primer | 2020 | ISIC, HAM10000, Asan, Dermofit, MED-NODE, MClass-D | Varies (Review; e.g. 129,450) | N/A (Review) | Artifact removal (Hair, Rulers) | Rotation, Blur, Brightness, Contrast (Stress tests) | N/A (Focus on Classification) | Both (Binary: Malignant vs Benign; Multi-class: 134 diseases) | CNN (ResNet, Inception) | Primer/Review | Yes [ImageNet implied] | AUC, Sensitivity, Specificity, Top-n Accuracy, Brier Score | N/A (Review) | Yes (AI vs. Dermatologists) | Lack of real-world validation; Dataset bias (lack of dark skin); Image artifacts (ink/rulers); Generalizability; "Black box" interpretability | Prospective studies; Standardized metrics; Diverse datasets (skin of color); Explainability (Saliency maps); Confidence calibration | 10
Artificial intelligence-based image classification methods for diagnosis of skin cancer: Challenges and opportunities | 2020 | ISIC (Challenges, HAM10000, BCN20000), Interactive Atlas, Dermofit, PH2, MED-NODE, Asan, Hallym, SD-198, SD-260, Dermnet NZ, Derm7pt, TCGA | Varies (e.g., ISIC Combined: ~129,450; SD-260: 20,600; PH2: 200) | No (Imbalanced); Mentions GANs and weighting for balancing | Color Constancy (Shades of Gray, max-RGB) | Rotation, Random Crop, Flip (Horizontal/Vertical), Translation, Shear, Color Jitter, Colorspace, GANs | Lesion Boundary (Mentioned in reviewed works like Jiang et al. and ROI detection) | Both (Binary: Malignant vs. Benign; Multi-class: Melanoma, BCC, SCC, Nevi, up to 198 classes) | ResNet (50, 152), Inception (V3, V4), VGG19, Faster R-CNN, GANs | Review of Standard Architectures and Ensembles | Yes (Fine-tuning mentioned) | Accuracy, Sensitivity, Specificity, AUROC, F1-score, F-Measure | Sn: 95%, Sp: 76.7% (Haenssle et al. on dermoscopy); AUC: 0.987 (Jiang et al. on histopathology) | Yes (AI vs. Dermatologists) | Unbalanced datasets; "Black box" interpretability; Lack of clinical metadata (history, age); Inter-class mimics and Intra-class variations; Racial bias (lack of dark skin data); Noisy real-life data; Rare diseases ignored | Balanced/Diverse datasets (race, age); Color constancy; GANs for augmentation; Semantic explanation (ABCDE, 7-point); Multi-model ensembles; Integrating clinical metadata; Complete diagnosis pipeline (Dermoscopy + Histopathology) | 10
ASCU-Net: Attention Gate, Spatial and Channel Attention U-Net for Skin Lesion Segmentation  | 2021  | ISIC-2016, ISIC-2017, PH2  | 4,229 (ISIC-2016: 1,279; ISIC-2017: 2,750; PH2: 200)  | No (Augmentation used)  | None reported (Future work suggests hair removal/color normalization)  | Horizontal and vertical flips  | Lesion Boundary  | N/A (Segmentation focus)  | ASCU-Net (U-Net based with Attention Gate, Spatial and Channel Attention)  | New Architecture  | No  | Accuracy, Sensitivity, Specificity, Precision, Dice Coefficient (F1), Jaccard Index  | AC: 95.4%, F1: 0.908 (ISIC-2016); AC: 92.6%, F1: 0.830 (ISIC-2017)  | Yes  | Slightly lower specificity/precision in some configurations ; performance drops on images with large lesion areas  | Integrate multi-scale attentional features; add pre-processing (hair removal, color normalization); add post-processing; apply to other medical imaging tasks  | 10
ASP-VMUNet: Atrous Shifted Parallel Vision Mamba U-Net for Skin Lesion Segmentation  | 2025  | ISIC-2016, ISIC-2017, ISIC-2018, PH2  | 7,923 (ISIC16: 1,279; ISIC17: 2,750; ISIC18: 3,694; PH2: 200)  | No (Augmentation used)  | Resizing (256x256), Normalization  | Random horizontal flip, Random vertical flip, Random rotation  | Lesion Boundary  | N/A (Segmentation focus)  | ASP-VMUNet (Mamba U-Net with Atrous Scan, Shift Round, SK Block)  | New Architecture  | No  | MIOU, DSC, Accuracy, Sensitivity, Specificity  | MIOU: 91.57% (PH2), 86.93% (ISIC16); DSC: 95.60% (PH2), 93.01% (ISIC16)  | Yes  | Specificity degradation in some configurations; computational complexity increases with larger atrous steps  | Combine atrous scan with other techniques for further gains  | 10
Association between Surgical Skin Markings in Dermoscopic Images and Diagnostic Performance of a Deep Learning Convolutional Neural Network for Melanoma Recognition | 2019 | Clinical Dataset (University of Heidelberg and others) | 130 lesions (390 images: Unmarked, Marked, Cropped) | No (Imbalanced: 107 Benign Nevi, 23 Melanomas) | Manual Cropping | None reported (Experiment focus on artifacts) | N/A (Manual cropping used) | Binary (Benign Nevi vs. Melanoma) | Inception-v4 (Moleanalyzer-Pro) | Evaluation/Validation Study | Yes (Pre-trained on >120,000 images) | Sensitivity, Specificity, ROC AUC | AUC: 0.993 (Cropped images) | No (Comparison of image conditions) | Benign nevi not histologically verified (clinical follow-up); Melanoma markings electronically superimposed (not in vivo); Limited to fair-skinned patients | Avoid skin markings in CNN images; Implement automated segmentation/border detection; Improve interpretability | 10
Attributes based skin lesion detection and recognition: A mask RCNN and transfer learning-based deep learning framework  | 2021  | ISBI2016, ISBI2017, HAM10000  | 14,044 (ISBI2016: 1,279; ISBI2017: 2,750; HAM10000: 10,015)  | No (Imbalanced); Balanced via Data Augmentation (HAM10000)  | Contrast stretching (Decorrelation formulation), 3D-Box filtering  | Data Augmentation (General mention)  | Lesion Boundary  | Both (Binary: ISBI2016/2017; Multi-class: HAM10000 7 classes ) | Mask R-CNN (ResNet50 + FPN), DenseNet201, LS-SVM, ELM  | New Architecture (Cascaded Framework: Mask R-CNN + DenseNet + LS-SVM + ELM)  | Yes [ImageNet]  | Sensitivity, Precision, Accuracy, F1-Score, FNR, Time, Mean Over Coefficient (MOC), Average Precision (Ap)  | ACC: 96.3% (ISBI2016), 94.8% (ISBI2017), 88.5% (HAM10000)  | Yes  | Segmentation framework sometimes ignores light boundary regions or misses parts of the lesion  | Improve feature selection to avoid redundancy; fine-tune model to improve segmentation; utilize multiple deep architectures for feature generation  | 10
Augmented Intelligence Dermatology: Deep Neural Networks Empower Medical Professionals in Diagnosing Skin Cancer and Predicting Treatment Options for 134 Skin Disorders | 2020 | ASAN, Web, MED-NODE, SNU (Validation), Edinburgh (Validation) | 220,680 (Training); 3,501 (Validation: 2,201 SNU + 1,300 Edinburgh) | No (Imbalanced) | None reported | None reported | N/A (Classification focus) | Both (Binary: Malignant vs Benign, Treatment options; Multi-class: 134/174 disorders) | SENet, SE-ResNet-50, VGG-19 | Application / Augmented Intelligence Framework | Yes [ImageNet] | AUC, Top-N Accuracy, Sensitivity, Specificity, F1-score | AUC: 0.937 (Malignancy on SNU); Top-1 Acc: 56.7% (Edinburgh) | Yes (vs. Dermatologists/Residents) | Performance drops on low-quality/blurry images; single image diagnosis lacks clinical context (history, palpation); dataset bias (training data from experts vs. real-world non-expert photos); missing mild inflammatory lesions | Validate in clinical settings; collect broader training data (mild conditions); analyze algorithm's diagnostic features/explainability | 10
Automated deep learning design for medical image classification by health-care professionals with no coding experience: a feasibility study | 2019 | HAM10000, Edinburgh Dermofit Library (External Validation), MESSIDOR, OCT, CXR | 10,015 (HAM10000); 1,300 (Edinburgh Dermofit) | No (Imbalanced; HAM10000 had 67% Nevi); Undersampling used in analysis | None reported (Handled by AutoML "black box") | None reported (Handled by AutoML); Undersampling for validation | N/A (Classification focus) | Multi-class (7 classes: Actinic keratosis, BCC, Benign keratosis, Dermatofibroma, Melanoma, Nevus, Vascular lesion) | Google Cloud AutoML Vision API (Neural Architecture Search) | Feasibility of AutoML by non-experts | Yes (Implicit in AutoML) | Sensitivity, Specificity, Positive Predictive Value (Precision), AUPRC | AUPRC: 0.93, Sn: 91% (Internal HAM10000); AUPRC: 0.47, Sn: 49% (External Edinburgh) | Yes (Compared to state-of-the-art in discussion) | Poor generalization to external datasets (AUPRC dropped from 0.93 to 0.47); "Black box" lack of interpretability (no saliency maps); API limitations (single image upload); lack of uncertainty metrics | Evaluate other AutoML platforms; improve dataset quality and reporting standards; emphasize external validation | 9
Automated multi-class classification of skin lesions through deep convolutional neural network with dermoscopic images | 2021 | ISIC-2017, ISIC-2018, ISIC-2019 (HAM10000, BCN, MSK) | 25,331 (ISIC-19); 10,015 (ISIC-18); 2,750 (ISIC-17) | No (Imbalanced); Balanced via Data Augmentation (Rotation, Translation, Flipping) | Cropping, Rescaling (64x64) | Rotation, Translation, Flipping | N/A (Classification focus) | Both (Binary: MEL vs NV/BKL; Multi-class: 7-8 classes) | CSLNet (Custom DCNN with 68 layers) | New Architecture | No | Precision, Sensitivity, Specificity, Accuracy, F1 score, JSC, G-mean, MCC, CKS, AUROC, PR-AUC | ISIC-19: ACC 89.75%, AUROC 0.991; ISIC-17: AUROC 0.964 | Yes | NV class difficult to distinguish due to intra-class variation; lack of clinical metadata (age, gender, race) for validation | Validate with clinical metadata (age, gender, race, family history); clinical implementation | 10
Automatic Malignant and Benign Skin Cancer Classification Using a Hybrid Deep Learning Approach | 2022 | ISIC Archive | 3,297 (1,800 Benign, 1,497 Malignant) | No (Imbalanced); None reported for balancing | Filtering (Median, Mean, Gaussian, Adaptive Wiener) | None reported | N/A (Classification focus) | Binary (Benign vs Malignant) | Xception, ResNet50, VGG16 (Feature Extractors); Stacked Ensemble (SVM, NN, RF, KNN, Logistic Regression) | Hybrid Stacking Ensemble (Stacked CV) | Yes (Pre-trained models) | Accuracy, F1-Score, Sensitivity, AUC | ACC: 90.9%, AUC: 0.917 (Xception + StackingCV) | Yes (vs. Single Classifiers: SVM, KNN, RF, etc.) | Inadequate data/lack of variety; lack of balanced samples; limited to visual features (no metadata used) | Use more diverse datasets (varied categories, ages); include image metadata; ensure balanced samples | 9
Automatic Skin Cancer Detection in Dermoscopy Images Based on Ensemble Lightweight Deep Learning Network | 2020 | ISBI 2016 (ISIC Archive) | 1,279 (900 Training, 379 Test) | No (Imbalanced); Balanced via Data Augmentation and Positive/Negative Sample Pairing | Data Standardization | Rotation, Mirroring, Center Cropping, Brightness Change, Random Occlusion | Lesion Boundary | Binary (Melanoma vs. Benign) | MobileNetV1, DenseNet-121 (Lightweight CNNs in U-Net and Classification Ensembles) | Ensemble / Feature Discrimination Network | Yes [ImageNet] | Accuracy, Jaccard Index (JA), Dice Coefficient, Specificity, Sensitivity, AUC, AP | Seg: JA 0.867; Class: AP 0.724, AUC 0.854 (Fusion models) | Yes | Limited training data; high resolution input requirement for segmentation increases computational cost; some unsatisfactory cases | Design more effective feature discrimination networks; evaluate on more datasets; cross-platform deployment | 10
Automatic Skin Lesion Analysis using Large-scale Dermoscopy Images and Deep Residual Networks | 2017 | ISIC 2017 Challenge, ISIC Archive | ~9,800 (Seg); ~3,600 (Class) | No (Imbalanced) | Downscaling (500px Seg, 224px Class) | Random crops, Flips (Training); Multi-scale, Flips (Testing) | Lesion Boundary | Both (Binary: Mel vs Rest, SK vs Rest; Multi-class: Mel, SK, Nevus) | ResNet, FCN-ResNet | Application / Ensemble / Multi-scale integration | Yes [ImageNet] | Jaccard Index, AUC | Jaccard: 79.40%, Avg AUC: 91.50% | Yes (vs. FCN-VGGNet) | Small validation set (150 images); Ground truth not public at time of writing | None reported | 8
BCN20000: Dermoscopic Lesions in the Wild | 2024 | BCN20000 | 18,946 (12,413 Train, 6,533 Test) | No (Imbalanced); Balanced via Weighted Sampling | Cropping (ROI detection/Dark frame removal), Normalization, Resizing | Resized crops, Grayscale/Permutation, Color Jitter (Brightness, Saturation, Contrast, Hue), Flips | Lesion Boundary (ROI Cropping via Thresholding/Moments) | Multi-class (NV, MEL, BCC, SCC, DF, BKL, AK, VASC; Test set: Unknown/OOD) | ResNet (18, 34, 50), EfficientNet (B0, B1, B2) | Dataset Introduction / Baseline Classifiers | Yes [ImageNet] | Balanced Accuracy | Balanced Accuracy: 0.461 (EfficientNet-B2 on Cropped) | No (Baselines provided) | Class imbalance; dark corners/frames in images; presence of out-of-distribution (OOD) lesions; hard-to-diagnose locations (nails, mucosa) | Develop algorithms for unconstrained environments; handle OOD samples; improve performance on hard-to-diagnose lesions | 10
Cancer Diagnosis Using Deep Learning: A Bibliographic Review | 2019 | ISIC, DermIS, DermQuest, MED-NODE, PH2, Asan | Varies (Review; e.g. Esteva: 129,450; Han: 19,398) | No (Imbalanced); Mentions inequality of training data distribution as a major issue | Contrast adjustment, Vignetting removal, Color correction, Smoothing, Hair removal, Normalization, Localization, Black frame removal, Dull Razor, Color space transform | Rotation, Cropping, Filtering | Both (Lesion Boundary; Attributes like globule patterns/pigment network) | Both (Binary: Malignant vs Benign; Multi-class: Melanoma, BCC, SCC, Nevi, etc.) | CNN (AlexNet, VGGNet, ResNet, Inception, DenseNet), GANs, Autoencoders (SAE, CAE), RNN, LSTM, U-Net, FCN, DeepLab 3 | Review / Bibliographic Analysis | Yes (Mentions use of pre-trained models like AlexNet, VGG-16, ResNet) | ROC-curve, AUC, F1 score, Accuracy, Specificity, Sensitivity, Precision, Dice-coefficient, Jaccard index | AUC: 0.96 (Esteva et al.); ACC: 98.32% (ISIC 2016 study) | Yes (Comparison with Dermatologists and previous algorithms) | Lack of dataset availability; Inequality of training data distribution (class imbalance); Low contrast and SNR of medical images; Variation in target object size | Improve performance on low contrast/poor SNR images; Address class imbalance; Collection of larger/balanced datasets; Standardization of evaluation | 8
Characteristics of publicly available skin cancer image datasets: a systematic review | 2022 | Review of 21 Open Access Datasets (ISIC Archive, HAM10000, BCN20000, PH2, PAD-UFES-20, MED-NODE, SNU, SD-198, SD-260, etc.) | 106,950 (Total Open Access) | N/A (Review; highlights class imbalance and lack of diversity) | N/A (Review) | N/A (Review) | N/A (Review; notes 5 datasets include segmentations) | N/A (Review of datasets supporting various tasks) | N/A (Review of Datasets) | Systematic Review | N/A | N/A (Evaluated metadata completeness and geographic origin) | N/A (Review) | N/A | Substantial under-representation of darker skin types (Fitzpatrick V-VI) and ethnicity data; geographical bias (mostly Europe/North America); lack of metadata standardization | Develop quality standards for metadata reporting; prioritize prospective collection of diverse data (specifically darker skin types); address health data poverty | 10
Classification of human chronic inflammatory skin disease based on single-cell immune profiling | 2022 | Clinical Data (UCSF), Reynolds et al. (External Validation) | N/A (158,037 Single Cells profiled; 31 Samples) | No (Imbalanced: 8 PV, 7 AD, 2 LP, 1 BP, 6 CIR, 7 HC) | N/A (scRNA-seq study; not image-based) | N/A (scRNA-seq study) | N/A (scRNA-seq study) | N/A (Molecular Classification: AD vs PV) | Seurat (Louvain Clustering), MAST (Hurdle Model), UMAP | Molecular classification of indeterminate rashes; Web interface (RashX) | No | P-value, Log Fold Change, Normalized Cut Score, Canberra Distance | P = 0.001 (Segregation score) | Yes (Validation on Reynolds et al. dataset) | Small sample size; variability in covariates (age, site); underrepresentation of APCs due to CD45+ sorting | Expand dataset with larger cohorts; integrate clonality assessment; standardize molecular features for prognosis/drug response | 2
Classification of skin cancer using adjustable and fully convolutional capsule layers | 2023 | HAM10000 | 805 (Balanced subset selected from HAM10000) | Yes (Manually balanced) | Resizing (224x224) | Shearing, Translation, Rotation, HSV transformation, Noise injection (Gaussian) | N/A (Classification focus) | Multi-class (7 classes: Vascular lesion, Actinic keratoses, BCC, Dermatofibroma, Melanocytic nevi, Melanoma, Benign keratosis) | AFConv-CapsNet (VGG19 Backbone + Adjustable Capsule Layer) | New Architecture (Adjustable Capsule Layer + Self-Routing) | Yes (VGG19 feature extractor) | Accuracy, Sensitivity, Specificity, F1-Score, MCC | Acc: 95.24%, Sp: 99.23%, F1: 95.02% | Yes (vs. DenseNet121, MobileNetV2, InceptionResNetV2, FixCaps, MEL-Cap) | Higher computation time than CNNs; Not tested on dark skin/diverse races; Small subset of data used | Test on datasets with diverse race/skin type/age; evaluate on other medical imaging tasks | 8
Classification of Skin Disease Using Deep Learning Neural Networks with MobileNet V2 and LSTM  | 2021  | HAM10000  | 10,015  | No (Imbalanced); Balanced via Data Augmentation  | Resizing (224x224)  | Rotations, Transformations  | N/A (Classification focus)  | Multi-class (7 classes: NV, BKL, DF, VASC, AKIEC, BCC, MEL)  | MobileNet V2, LSTM  | Hybrid Architecture (MobileNet V2 + LSTM)  | None reported | Sensitivity, Specificity, Accuracy, Jaccard Similarity Index (JSI), Matthews Correlation Coefficient (MCC)  | ACC: 85.34%, Sen: 88.24%, Spec: 92.00%  | Yes (vs. HARIS, FTNN, CNN, VGG19, MobileNet V1/V2)  | Precision drops significantly (<80%) on images with poor illumination/different conditions; visual inspection limits early diagnosis  | Incorporate self-learning; integrate biomarkers (genomic/protein sequences); enhance data security for telehealth  | 9
Conditional Diffusion Models are Medical Image Classifiers that Provide Explainability and Uncertainty for Free | 2025 | ISIC Melanoma, CheXpert | 30,616 (ISIC: 10,212; CheXpert: 20,404) | Yes (Balanced subsets created) | Resizing (256x256), Discrete Wavelet Transform (Haar) | None reported (Explicitly states "no data augmentations" for diffusion classifiers) | N/A (Classification focus) | Binary (ISIC: Melanoma vs. Benign; CheXpert: Pleural Effusion vs. No Findings) | UNet (ADM-based), DiT-B/4, Stable Diffusion v2-base | New Application (Diffusion Classifiers with Majority Voting) | Yes [Stable Diffusion v2-base] | Accuracy, F1-score | ISIC: Acc 95.0%, F1 0.949; CheXpert: Acc 86.9%, F1 0.869 | Yes (vs. ResNet, EfficientNet, ViT, Swin) | High computational cost and slow inference speed compared to discriminative models; limited to 2D binary classification in this study | Evaluate robustness under domain shifts; extend to 3D image classification and multi-class tasks; in-depth analysis against other uncertainty methods | 10
Cutaneous Malignant Melanoma: A Review of Early Diagnosis and Management  | 2021  | N/A (Clinical Review)  | N/A  | N/A  | N/A  | N/A  | N/A  | N/A (Discusses clinical diagnosis of Melanoma)  | N/A (Medical Review; discusses dermoscopy, biopsy, confocal microscopy, etc.)  | N/A  | N/A  | N/A (Reports clinical survival/incidence rates)  | N/A  | N/A  | High mortality of metastatic melanoma; challenges in histopathology diagnosis; rising incidence rates  | Development of new therapeutic approaches; focus on early detection of metastatic lesions; genomic profiling  | 0
Data augmentation for skin lesion using self-attention based progressive generative adversarial network | 2021 | HAM10000 | 10,015 | No (Imbalanced); Balanced via Generative Data Augmentation (SPGGAN-TTUR) | Resizing (224x224), Normalization | Rotation, Flip (Horizontal/Vertical), Scale, Skew, Color Jitter (Saturation, Contrast, Brightness, Hue), Random Crops, Affine, AutoAugment, TenCrop, SPGGAN-TTUR (GANs) | N/A (Classification focus) | Multi-class (7 classes: Melanocytic nevi, Dermatofibroma, Melanoma, Vascular lesion, Actinic keratosis, Benign keratosis, Basal cell carcinoma) | SPGGAN-TTUR (Self-attention PGGAN), ResNet-18 | New Architecture (SPGGAN-TTUR for augmentation) | Yes [ImageNet] | Accuracy, AUC, Macro Precision, Sensitivity (Recall), Macro F1-score, GAN-train, GAN-test | AC: 66.1%, AUC: 79.3%, MR: 64.7% (SPGGAN-TTUR DA) | Yes (vs. Classical DA schemes) | Hardware limitations restricted resolution to 256x256 (vs original 600x450); latent vector size reduced; bright spot artifacts in generated melanoma images due to training data bias | Two-stage GAN-based DA (segmentation then synthesis); add self-attention to every stage of the model; evaluate on higher resolutions | 9
DCENSnet: A new deep convolutional ensemble network for skin cancer classification | 2024 | HAM10000 | 10,015 (Augmented to 50,024) | Balanced via Data Augmentation | Pixel Standardization (Gaussian), Resizing (28x28) | Rescale, Rotation, Width/Height Shift, Shear, Flip (Horizontal/Vertical) | N/A | Multi-class (7 classes: akiec, bcc, bkl, df, mel, vasc, nv) | DCENSnet (Ensemble of 3 Custom DCNNs with varying dropout) | New Architecture | No | Accuracy, Precision, Recall, F1 score, AUC | ACC: 99.53% | Yes | None explicitly reported | None reported | 10
Deep Learning Methods for Accurate Skin Cancer Recognition and Mobile Application | 2022 | HAM10000 | 10,015 | No (Imbalanced); Weighted classes used  | Manual Cropping (in App) | Random crops, Rotations, Zoom, Horizontal/Vertical Flips | N/A (Classification focus) | Both (Binary: Benign vs Malignant in App; Multi-class: 7 classes in experiments) | DenseNet169 (Winner), DenseNet121, DenseNet201, VGG16, VGG19, ResNet50, InceptionV3, MobileNetV2, InceptionResNetV2 | Comparison / Mobile Application Development | Yes [ImageNet] | Accuracy, Recall (Sensitivity), F1-Score, Precision, Specificity | ACC: 92.25%, Recall: 93.59%, F1: 93.27% (DenseNet169) | Yes (vs. MobileNet+LSTM, MSM-CNN, etc.) | Shortage of smartphone-taken skin lesion image databases for systematic app testing; imbalanced dataset | Use macro lens and stabilizer; AI super-resolution; flip image to be parallel; wireless sensor networks for data transfer; ensembles | 10
Deep Learning-Based Skin Lesion Diagnosis Model Using Dermoscopic Images | 2022 | ISIC Archive | Not specified (Test set: 309) | No (Imbalanced in test set) | Grayscale conversion, Top hat filtering, Inpainting (Hair removal) | None reported | Lesion Boundary | Multi-class (Angioma, Nevus, Lentigo NOS, Solar Lentigo, Melanoma, Seborrheic Keratosis, BCC) | Inception v3 (Feature Extractor), Gradient Boosting Tree (GBT) | New Method (IMLT-DL: MFO segmentation + Inception v3 features + GBT) | Yes (Feature Extraction) | Sensitivity, Specificity, Accuracy, Precision, G-measure, ROC | ACC: 99.2% | Yes | None reported | Improve segmentation using advanced DL-based instantaneous techniques | 8
Deep Learning-Based System for Automatic Melanoma Detection | 2020 | ISIC 2017, PH2 | 2,860 (ISIC 2017: 2,600; PH2: 260) | No (Imbalanced); Balanced via Data Augmentation | Gaussian filter, Cropping, Resizing (224x224), Normalization | Elastic deformations (Affine), Random rotation | Lesion Boundary | Binary (Melanoma vs. Non-Melanoma) | Deep Convolutional Encoder-Decoder Network (Custom) | New Architecture (Skip pathways + Lesion-classifier) | No | Accuracy, Dice Similarity Coefficient, Sensitivity, Specificity | ACC: 95%, Dice: 93% (PH2); ACC: 95% (ISIC 2017) | Yes (vs. FrCN, U-Net, FCN, SegNet) | Complex visual characteristics (fuzzy borders, low contrast, noise/hair); high computational cost of existing large networks | Real-time clinical application; Reduce architectural complexity | 10
Deep Learning-Based Transfer Learning for Classification of Skin Cancer | 2021 | HAM10000 | 10,015 (Augmented to ~22,000) | No (Imbalanced); Balanced via Data Augmentation (Replication) | Resizing (128x128), Normalization | Rotation, Zooming, Shifting (vertical/horizontal), Replication | N/A (Classification focus) | Multi-class (7 classes: Actinic keratosis, BCC, Benign keratosis, Dermatofibroma, Melanoma, Nevus, Vascular lesions) | VGG19, Inception V3, InceptionResNetV2, ResNet50, Xception, MobileNet | Comparative Analysis | Yes [ImageNet] | Accuracy, Recall, Precision, F-Measure, Loss | ACC: 90.48% (Xception) | Yes (Internal comparison) | Class imbalance; high similarity between certain lesions (Akiec and Mel); limited number of unique images | Proper fine-tuning of models; extensive research to address skin cancer deaths | 10
Deep neural networks are superior to dermatologists in melanoma image classification | 2019 | ISIC Archive | 5,008 (4,204 Training, 804 Testing) | Yes (1:1 ratio enforced) | None reported | None reported | N/A (Classification focus) | Binary (Melanoma vs Nevi) | ResNet50 | Transfer Learning / Training optimizations | Yes [ImageNet] | Sensitivity, Specificity, ROC | Sensitivity: 82.3%, Specificity: 77.9% | Yes (vs. Dermatologists) | Lack of clinical info; binary classification simplifies reality; 1:1 ratio bias; ground truth not independently reviewed; internal test set validity | Evaluate in prospective clinical trials; implementation as assistive tool | 10
Deep transfer learning approaches for Monkeypox disease diagnosis | 2023 | Monkeypox2022 (GitHub), Kaggle (MSID/MSLD) | 1,830 (Augmented); 76 (Original: 43 Monkeypox, 33 Normal) | No (Imbalanced); Balanced via Data Augmentation | Resizing (224x224), Zero-padding, Grayscale to RGB conversion | Rotation, Width/Height shift, Zoom, Shear, Horizontal flip, Reflective fill | N/A (Classification focus) | Both (Binary: Monkeypox vs Normal/Others; Multi-class: Monkeypox, Chickenpox, Measles, Normal) | VGG16, ResNet (50, 101, 152V2), Xception, EfficientNet (B0, B7, V2M, V2L), NasNetLarge | Transfer Learning / Generalization and Regularization (GRA-TLA) | Yes [ImageNet] | Accuracy Precision, Recall, F1-score, Sensitivity, Specificity, FLOPs, LIME, SHAP, GradCAM | ACC: 99% (ResNet101, Multi-class); ACC: 94% (Xception, Binary) | Yes (vs. ResNet50, Inception-V3, ShuffleNet-V2, MobileNet V2) | Data scarcity and privacy issues; lack of patient metadata; early stopping prevented full model training; no clinical pilot test | Conduct clinical pilot tests (e.g., in Bangladesh); collect more data; integrate patient metadata; develop mobile diagnosis tool | 8
DeepSkin: A Deep Learning Approach for Skin Cancer Classification | 2023 | HAM10000 | 10,015 | Yes (Oversampling and Undersampling) | Dull Razor (Hair Removal), Resizing, Normalization | Sampling (Oversampling, Undersampling) | Lesion Boundary | Multi-class (7 classes: akiec, bcc, bkl, df, mel, vasc, nv) | DenseNet169, ResNet50 | Application / Transfer Learning / Comparative Study | Yes [ImageNet] | Accuracy, F1-score, Precision, Recall | ACC: 91.2%, F1: 91.7% (DenseNet169 + Undersampling) | Yes (vs. other CNN models, e.g., ResNet50) | Technical implementation issues (DenseNet169 did not support oversampling, ResNet50 did not support undersampling); limited resources | Increase forecast accuracy through parameter tuning | 8
Dense-UNet: a novel multiphoton in vivo cellular image segmentation model based on a convolutional neural network | 2020 | Private (MPM in vivo skin cells) | 60 (Patches from 15 original images) | No (Imbalanced); Handled via Dice Loss | Patching, Resizing (128x128) | None reported | Attributes (Cells) | N/A (Segmentation focus) | Dense-UNet | New Architecture | No | Dice coefficient, Accuracy, Precision, Recall, F1-Score, IOU | Dice: 90.60%, Acc: 92.54% | Yes (vs. U-Net, Seg-Net) | Small dataset (60 patches); blurry cellular boundaries; low signal-to-noise ratio; overfitting in comparison models | Research variations of cellular features with pathologies; improve clinical diagnosis | 7
Dermatologist-Level Classification of Skin Cancer Using Cascaded Ensembling of Convolutional Neural Network and Handcrafted Features Based Deep Neural Network  | 2022  | HAM10000  | 10,015 (Augmented via SMOTE)  | No (Imbalanced); Balanced via SMOTE (Synthetic Minority Oversampling Technique)  | Resizing (28x28)  | SMOTE (Oversampling)  | N/A (Classification focus)  | Multi-class (7 classes: Actinic keratoses, Basal cell carcinoma, Benign keratosis, Dermatofibroma, Melanoma, Melanocytic nevi, Vascular skin lesions)  | Custom CNN (4 layers) + MLP (Cascaded Ensemble)  | Ensemble / Feature Fusion (CNN + Handcrafted Features: Color Moments, GLCM)  | No  | Precision, Sensitivity, F-score, Accuracy, AUC  | ACC: 98.3% (Cascaded Ensemble)  | Yes (vs. Standalone CNN)  | Higher computational complexity compared to standalone CNN due to additional feature extraction step  | Combine clinical features (sex, age, itching, burns, medical history) with handcrafted features for a more robust model  | 9
DermoExpert: Skin lesion classification using a hybrid convolutional neural network through segmentation, transfer learning, and augmentation | 2022 | ISIC-2016, ISIC-2017, ISIC-2018 | ~14,044 (ISIC-2016: 1,279; ISIC-2017: 2,750; ISIC-2018: 10,015) | No (Weighted loss and additional external data used for rebalancing) | Lesion Segmentation (ROI extraction via DSNet), Resizing (192x192), Standardization, Rescaling | Geometry-based (Rotation 180°/270°), Intensity-based (Gamma, Logarithmic, Sigmoid corrections, Stretching/Shrinking) | Lesion Boundary | Both | Hybrid-CNN (Custom blocks based on ResNet, Xception, DenseNet), DSNet (Segmentation) | Hybrid/Ensemble (Two-level ensembling: channel concatenation and FC averaging) | Yes [ImageNet] | Recall, Specificity, IoU, Precision, F1-score, AUC | AUC: 0.97 (ISIC-2018), 0.96 (ISIC-2016) | Yes | Difficulty balancing rare classes in ISIC-2018 (e.g., Dermatofibroma); High inter-class similarity (Nevus/Mel/SK) reduces ISIC-2017 performance | Generate synthetic realistic images (GANs) for underrepresented classes; Improve segmentation | 10
Designing a grey wolf optimization based hyper-parameter optimized convolutional neural network classifier for skin cancer detection | 2022 | ISIC (ISIC 2019 Training Set) | 25,330 | No (Imbalanced: NV=12,875 vs VL=253) | Resizing (Bilinear Interpolation to 100x100), RGB to Grayscale (Luminosity), Filtering (Gaussian/Bilateral - Gaussian chosen for final model) | None reported | N/A | Multi-class (8 classes: Melanoma, Nevus, BCC, AK, Benign Keratosis, Dermatofibroma, Vascular Lesion, SCC) | Custom CNN (3 Conv, 3 Pooling, 2 Dense) | Hyperparameter Optimization (Grey Wolf Optimization - GWO) | No | Accuracy, Precision, Recall, F-Score, Macro F, Average Precision, Loss | ACC: 98.33% (Testing) | Yes (vs. PSO-CNN, GA-CNN) | Training time cost; Limited scope of optimized parameters (only specific layer params) | Optimize training rate/size/activation functions; Apply new algorithms (Arithmetic Optimization, Salp Swarm); Test on other domains | 8
Detection of Skin Cancer Based on Skin Lesion Images Using Deep Learning | 2022 | ISIC 2018 | 3,533 | N/A (Subset used) | ESRGAN (Super-Resolution), Resizing, Normalization | Yes (Unspecified) | N/A | Binary (Benign vs Malignant) | Custom CNN, ResNet50, InceptionV3, InceptionResNet | ESRGAN for image enhancement | Yes [ResNet50, InceptionV3, InceptionResNet] | Accuracy | ACC: 85.8% (InceptionV3) | Yes | N/A | N/A | 8
Development and Assessment of an Artificial Intelligence-Based Tool for Skin Condition Diagnosis by Primary Care Physicians and Nurse Practitioners in Teledermatology Practices | 2019 | Private (Teledermatology clinic data), Public (ISIC, Dermofit, Edinburgh - used for Evaluation Set B) | ~25,664 (Train: 17,424; Val: 3,756; Eval A: 656; Eval B: 3,828) | Yes (Inverse frequency weighting) | Resizing (224x224), Central Crop | Random rotations, Flips, Color jitters | N/A | Multi-class (134 skin conditions) | Inception-v4 | Standard (Fine-tuning) | Yes [ImageNet] | Top-1 Accuracy, Top-3 Accuracy | Top-3 Accuracy: 87.3% (Evaluation Set B), 80.2% (Validation) | Yes (Compared to PCPs and NPs) | Domain shift (AI trained on specialist images, tested on PCP images); Limited to 134 conditions; "Black box" nature | Prospective clinical trials; Integration into Electronic Health Records (EHR) | 9
Diagnosis of skin cancer using machine learning techniques | 2021 | Dermatology Information System (DermIS), Dermquest | 17,212 | No (Handled via ADASYN synthetic sampling) | Resizing (50x50), Median Filtering, Normalization, Gray-scale conversion | ADASYN (Adaptive Synthetic Sampling) | Lesion Boundary (Active Contour Method) | Multi-class (7 classes: MEL, NV, BCC, AK, BKL, DF, VASC) | SVM, Random Forest, KNN (Machine Learning with HOG features) | Combination of Active Contour, HOG features, and ADASYN with classical ML | No | Accuracy, Specificity, Sensitivity, Precision, F-score, Jaccard Index, Dice Coefficient | ACC: 97.32% (SVM) | Yes | Reliance on handcrafted features (HOG); Classical ML approach may be limited compared to modern DL | Apply Deep Learning models to further improve accuracy | 6
Diagnosis of skin diseases in the era of deep learning and mobile technology  | 2021  | DermWeb, DermNet, Dermatoweb, DermQuest  | 725 (145 per class)  | Yes (Exact balance: 145/class)  | Resizing (224x224) , Manual Cropping (User-defined in App)  | None reported | N/A (Manual cropping only)  | Multi-class (5 classes: Seborrheic dermatitis, Rosacea, Hemangioma, Psoriasis, Acne vulgaris)  | Modified-MobileNet (Dilated Convolution, LeakyReLU, Hybrid Loss)  | New Architecture, Novel Loss Function (Cross-Entropy + Mutual Information)  | Yes [ImageNet]  | Accuracy, Specificity, Sensitivity, Precision, F1-Score, MCC, Loss  | ACC: 94.76%  | Yes (vs. SqueezeNet, ShuffleNet, MobileNet, RMNv2, LWEN, LB-FCN, CustomNet2)  | Performance drops for inhomogeneous lesions (Seborrheic Dermatitis); Reliance on Transfer Learning due to small dataset  | Expand to other dermatological diseases  | 8
DSNet: Automatic dermoscopic skin lesion segmentation  | 2020  | ISIC-2017, PH2  | 2,750 (ISIC-2017: 2,000 Train, 150 Val, 600 Test) + PH2 (Test only)  | No (Imbalanced: Nevus 68.5%, Melanoma 18.8%, SK 12.7%)  | Resizing (192x256), Standardization, Rescaling [0-1]  | Rotation, Zooming, Shifting, Flipping  | Lesion Boundary  | N/A (Segmentation focus)  | DSNet (DenseNet-like encoder, Depth-wise separable decoder)  | New Architecture (DSNet), New Loss Function (BCE + IoU)  | Yes [ImageNet] | mIoU, Sensitivity, Specificity, AUC  | mIoU: 77.5% (ISIC-2017), 87.0% (PH2); AUC: 0.953  | Yes (vs. U-Net, FCN8s, FrCN, SegNet, SLSDeep)  | Occasional segmentation failures on challenging images  | Hyperparameter tuning; More color space augmentations; Apply to other medical domains  | 9
Eff2Net: An efficient channel attention-based convolutional neural network for skin disease classification  | 2022  | DermNet NZ, Derm7pt, DermatoWeb, Fitzpatrick17k, Skin Cancer Detection Dataset, PAD-UFES-20, IEEE DataPort, SD-198, Kaggle (Skin disease image, Various Skin Diseases), DermAtlas, Hellenic Derm Atlas, Meddean  | 4,930 (Original); 17,329 (Augmented)  | Yes (Balanced via Augmentation)  | Resizing (300x300)  | Random contrast enhancement, Horizontal flipping, Negative 90-degree rotation, Random zooming  | N/A | Multi-class (4 classes: Acne, Actinic Keratosis, Melanoma, Psoriasis)  | Eff2Net (EfficientNetV2 backbone with Efficient Channel Attention blocks)  | New Architecture (Modified EfficientNetV2 with ECA)  | No (Not explicitly reported) | Accuracy, Precision, Recall, F1-score, Confusion Matrix  | ACC: 84.70%  | Yes (vs. InceptionV3, ResNet-50, DenseNet-201, EfficientNet-B4, EfficientNetV2-S)  | Increasing classes increases complexity; Study limited to 4 specific diseases  | Apply to other disease classification problems using microscopic and histopathological images  | 9
Efficient skin lesion segmentation using separable-Unet with stochastic weight averaging  | 2019  | ISIC 2016, ISIC 2017, PH2  | ~4,079 (ISIC 2016: 1,279; ISIC 2017: 2,600; PH2: 200)  | No (Imbalanced; handled via Dice loss)  | Resizing (192x256)  | Random vertical/horizontal flips, Rotation, Shifting, Grid-distortion  | Lesion Boundary  | N/A (Segmentation focus)  | Separable-Unet (Xception encoder, Separable Conv Blocks)  | Separable-Unet architecture, Stochastic Weight Averaging (SWA)  | Yes [ImageNet]  | Accuracy, Sensitivity, Specificity, Dice Coefficient, Jaccard Index, AUC, Precision-Recall  | Dice: 93.03% (ISIC 2016), 86.93% (ISIC 2017), 94.13% (PH2)  | Yes (vs. U-Net, FCN, MFCN, J-FCN, DCL-PSI, SLSDeep, FRCN)  | Standard learning schemes prone to overfitting on small/imbalanced datasets; Dilation post-processing caused over-segmentation  | Apply framework to other segmentation tasks with considerable variation of appearances  | 10
EIU-Net: Enhanced feature extraction and improved skip connections in U-Net for skin lesion segmentation  | 2023  | ISIC 2016, ISIC 2017, ISIC 2018, PH2  | ~6,825 (ISIC 2016: 1,279; ISIC 2017: 2,750; ISIC 2018: 2,596; PH2: 200)  | No (Augmentation used to increase diversity)  | Resizing (224x320), Normalization [0-1]  | Horizontal/Vertical flips, Random contrast enhancement, HSV adjustment, Regional coarse dropout  | Lesion Boundary  | N/A (Segmentation focus)  | EIU-Net (U-Net with Inverted Residual Blocks, EPSA, ASPP, Multi-layer Fusion, Reshaped Decoders Fusion)  | New Architecture  | No  | Jaccard Index, Dice Coefficient, Accuracy, Sensitivity, Specificity  | Dice: 0.919 (ISIC 2016), 0.855 (ISIC 2017), 0.902 (ISIC 2018)  | Yes (vs. U-Net, CE-Net, CPFNet, FAT-Net, DCSAU-Net, etc.)  | Fails on extremely low contrast, highly irregular boundaries, and serious hair occlusion  | Reduce network parameters; Improve boundary distinction  | 10
Enhancing Medical Image Segmentation with TransCeption: A Multi-Scale Feature Fusion Approach  | 2023  | Synapse Multi-Organ, ISIC 2018  | 2,594 (ISIC 2018)  | No (Imbalanced nature noted; no specific balancing method reported)  | Resizing (224x224)  | Flipping, Gaussian blurring, Linear contrast, Scaling, Rotation, Shearing, Translation, Gaussian noise  | Lesion Boundary  | N/A (Segmentation focus) | TransCeption (Pure Transformer U-Net with ResInception Patch Merging and Dual Transformer Bridge)  | New Architecture  | No (Trained without pre-trained weights)  | Dice Score, Accuracy, Specificity, Sensitivity, Hausdorff Distance  | DSC: 0.9124 (ISIC 2018)  | Yes (vs. U-Net, Att-UNet, TransUNet, Swin-Unet, MISSFormer)  | Previous transformers limited in multi-scale representation; Token-aware bridges ignore inter-channel interactions  | N/A | 10
Enhancing Skin Cancer Diagnosis Using Swin Transformer with Hybrid Shifted Window-Based Multi-head Self-attention and SwiGLU-Based MLP  | 2024  | ISIC 2019  | 25,331  | No (Imbalanced: NV=12,875 vs. DF=239)  | Resizing (224x224)  | Rotation, Scaling, Mirroring, Adding noise, Changing colors  | N/A | Multi-class (8 classes: MEL, NV, BCC, AK, BKL, DF, VASC, SCC)  | Swin Transformer (Modified with HSW-MSA and SwiGLU-based MLP)  | New Architecture (HSW-MSA + SwiGLU enhancements)  | Yes [ImageNet]  | Accuracy, Precision, Recall, F1-score  | ACC: 89.36%  | Yes (vs. 42 models including VGG16, ResNet, ViT, MaxViT, MobileViT)  | Lack of skin tone diversity (bias towards lighter skin); Class imbalance; Limited dataset size for data-intensive models  | Test on larger/more diverse datasets (skin types/ethnicities); Reduce computational load  | 10
Enhancing skin disease classification leveraging transformer-based deep learning architectures and explainable AI  | 2025  | Combined SDC Dataset (Atlas Dermatology + ISIC 2018), HAM10000, Dermnet  | ~34,425 (SDC: 4,910; HAM10000: 10,015; Dermnet: 19,500)  | No (Handled via Augmentation/Up-sampling)  | None reported | Vertical/Horizontal Flipping, Random Shear, Sharpening, Random Rotation, Center Crop, Brightness/Contrast variation, Histogram Equalization, Gaussian Noise, Blurring  | N/A | Multi-class (31 classes [SDC], 23 classes [Dermnet], 7 classes [HAM10000])  | DinoV2, Swin Transformer, Vision Transformer (ViT)  | Application of new architecture (DinoV2) to dermatology  | Yes [ImageNet1k]  | Accuracy, Precision, Recall, F1-Score, AUROC, AUPR  | ACC: 96.48% (DinoV2-Base on SDC)  | Yes (vs. EfficientNet, ResNet, VGG, ConvNeXt)  | Computational intensity/complexity; Generalizability to other diverse datasets unexplored  | Focus on lightweight architectures; Evaluate on wider range of datasets  | 10
Evaluation of artificial intelligence techniques in disease diagnosis and prediction  | 2023  | ISIC 2016 (referenced)  | N/A (Review Paper) | N/A (Review Paper) | Histogram Equalization (General)  | Data Augmentation (General)  | N/A | Binary (Skin Cancer)  | CNN, Bayesian DL (referenced)  | Review of existing methods  | Yes (General mention)  | Accuracy  | ACC: 91.85% (referenced study)  | No | Need for massive data; Labeling costs; Computational complexity; Low-contrast images; Patient privacy  | Personalized treatment plans; Genomic data integration; Federated learning  | 3
Evaluation of denoising techniques to remove speckle and Gaussian noise from dermoscopy images  | 2023  | HAM10000  | 805 (115 images from each of 7 categories)  | Yes (Balanced subset constructed)  | Denoising (Evaluated 23 methods including AWF, Anisotropic, Bilateral, BM3D, DCT, DnCNN, Gaussian, GMM, NLM, TV, Wavelet)  | Noise Addition (Gaussian, Speckle, Salt-and-pepper, Poisson added for testing)  | N/A (Denoising focus)  | N/A (Denoising focus)  | DnCNN (Deep Learning method used)  | Comparative review/implementation of 23 existing denoising methods  | No (DnCNN trained from scratch on subset)  | PSNR, MSE, SSIM, Processing Time  | PSNR: 45.24, SSIM: 0.97 (Patch shape integrated NLM)  | Yes (Comparatively evaluates 23 methods)  | Deep learning requires large datasets and computational resources; Filtering methods often blur edges or require experimental parameter tuning  | Test on larger datasets  | 8
Explainable artificial intelligence in skin cancer recognition: A systematic review  | 2022  | ISIC (2016, 2017, 2018, 2019), HAM10000, PH2, EDRA, Edinburgh Dermofit, MED-NODE, TCGA, Private datasets  | N/A (Review of 37 studies)  | N/A (Review) | N/A (Review focus on XAI) | N/A (Review focus on XAI) | Both (Validation against ground truth segmentation)  | Both  | ResNet, VGG, Inception, DenseNet, EfficientNet, MobileNet, Custom CNNs  | Systematic Review of XAI methods (GradCAM, LRP, SHAP, etc.)  | Yes [ImageNet]  | Jaccard Index, Dice Score (for XAI validation), Diagnostic Accuracy (for human readers)  | N/A (Review) | No | Superficial usage of XAI (sanity checks); Lack of robust human evaluation; Confirmation bias; Post-hoc approximation gaps  | Rigorous evaluation of XAI utility in clinical settings; Impact on diagnostic accuracy and trust  | 10
Explainable deep inherent learning for multi-classes skin lesion classification  | 2024  | HAM10000 (ISIC 2018)  | 10,015  | No (Imbalanced: NV=6,705 vs DF=115)  | Resizing (300x300)  | None reported (Explicitly stated "NO" augmentation)  | N/A (Classification focus; Localization via XAI, not explicit segmentation)  | Multi-class (7 classes: MEL, NV, BCC, AKIEC, BKL, DF, VASC)  | Deep Inherent Learning Network (Custom 54-layer architecture with Inherent Blocks)  | New Architecture (Deep Inherent Learning)  | No (Initialized randomly)  | Accuracy, Sensitivity, Specificity, Precision, F-score, ROC, Confusion Matrix  | ACC: 92.89%  | Yes (vs. Ali et al., Codella et al., Chowdhury et al.)  | Class imbalance causes confusion for underrepresented classes (e.g., DF, VASC)  | Retrain with more labeled data and wider range of observations for incorrect classes  | 9
Explainable skin lesion diagnosis using taxonomies  | 2021  | ISIC 2017, ISIC 2018  | ~14,277 (ISIC 2017: 2,750; ISIC 2018: 11,527)  | No (Handled via weighted loss function)  | Color normalization  | Random crop, Random flip, Random color transformation  | N/A (Attention maps for explainability)  | Both (Hierarchical: Binary Mel/Non-Mel, Benign/Malignant; Multi-class Differential Diagnosis)  | CNN (VGG-16, DenseNet-161, ResNet-50) + LSTM + Attention Module  | Hierarchical CNN-RNN with Spatial and Channel Attention  | Yes [ImageNet]  | Sensitivity, Specificity, Balanced Accuracy (BACC), AUC  | AUC: 94.1% (ISIC 2017, DenseNet-161)  | Yes (vs. Harangi, Barata & Marques, ISIC 2017 challenge participants)  | Lack of ground truth for ISIC 2018 test set prevents full error analysis; Sensitive to color normalization removal; Training data size limits channel attention learning  | Interpret attention regions from medical perspective; Improve robustness to acquisition conditions and color perception  | 10
Facial thermal imaging: A systematic review with guidelines and measurement uncertainty estimation | 2025 | N/A (Systematic Review of 315 papers) | N/A (Review) | N/A | N/A (Review of measurement protocols) | N/A | N/A | N/A (Focus on facial temperature for psychophysiology/vitals) | N/A | N/A | N/A | N/A | N/A | No | Lack of standardized protocols; Inaccurate measurements due to environmental factors; High measurement uncertainty ($1.3^\circ C$) for facial skin | Implement proposed guidelines for camera settings, subject preparation, and reporting; Standardize protocols to allow comparability 8888 | 1
FAT-Net: Feature adaptive transformers for automated skin lesion segmentation  | 2022  | ISIC 2016, ISIC 2017, ISIC 2018, PH2  | ~6,823 (ISIC 2016: 1,279; ISIC 2017: 2,750; ISIC 2018: 2,594; PH2: 200)  | No (Pixel-level imbalance handled via Dice Loss)  | Resizing (224x224), Patch Tokenization  | Vertical Flip, Rotation, Brightness/Contrast, Hue/Saturation/Value  | Lesion Boundary  | N/A (Segmentation focus)  | FAT-Net (Dual Encoder: ResNet-34 + DeiT-tiny, Feature Adaptation Module, Memory-Efficient Decoder)  | New Architecture (Dual CNN-Transformer Encoder)  | Yes [ImageNet]  | Sensitivity, Specificity, Accuracy, IoU, Dice Coefficient, FPS  | Dice: 91.59% (ISIC 2016), 85.00% (ISIC 2017), 89.03% (ISIC 2018), 94.40% (PH2)  | Yes (vs. U-Net, AttU-Net, CPFNet, DAGAN, etc.)  | Struggles with extremely low contrast and complex color variations  | N/A | 10
FCN-Based DenseNet Framework for Automated Detection and Classification of Skin Lesions in Dermoscopy Images  | 2020  | HAM10000, ISBI 2017, ISBI 2018, PH2  | ~12,830 (HAM10000: 10,030; ISBI 2017: 2,600; PH2: 200)  | No (Handled via on-the-fly Data Augmentation)  | Normalization (Rescaling 1/255)  | Flipping, Rotation, Scaling, Shear  | Lesion Boundary  | Multi-class (7 classes: AKIEC, BCC, BKL, DF, MEL, NV, VASC)  | FCN-based DenseNet, Encoder-Decoder with CRF  | New Architecture (FCN-based DenseNet, Concatenation Strategy)  | No (Trained from scratch with hyperparameter optimization)  | Accuracy, Dice Coefficient, Sensitivity, Specificity, Precision, Recall, F1-Score, AUC  | ACC: 98.3% (HAM10000), Dice: 92.1% (ISBI 2017)  | Yes (vs. FrCN, CNN-HRFB, DCN TransferL, VGG16, etc.)  | None reported (Focus on overcoming limitations of others)  | None reported  | 10
Finding and removing Clever Hans: Using explanation methods to debug and improve deep models  | 2022  | ISIC 2019, ImageNet, Adience, Modified MNIST, CIFAR-10  | ~25,331 (ISIC 2019)  | No (ISIC 2019 is highly imbalanced; Class Artifact Compensation used to mitigate bias)  | Center-cropping (ImageNet), Resizing  | A-ClArC (Augmentative Class Artifact Compensation): strategic data augmentation with artifact signals (e.g., watermarks, skin markers)  | N/A (Focus on classification and artifact identification) | Both (ISIC 2019: Multi-class; Adience: Binary Gender)  | VGG-16, Custom CNNs  | New Framework (Class Artifact Compensation: A-ClArC and P-ClArC) for unlearning/suppressing "Clever Hans" biases  | Yes [ImageNet]  | Accuracy, AUC, ROC, Spectral Relevance Analysis (SpRAy), Softmax Probabilities  | ACC: 82.15% (ISIC 2019 baseline); Accuracy on poisoned sets improved significantly after ClArC  | Yes (compared to standard baseline and Spectral Signature)  | Identifying CH artifacts requires human expert domain knowledge; ClArC does not necessarily increase standard benchmark accuracy but improves true generalization  | Developing more accurate/general artifact representations; Automating CH detection further; Exploring the intersection of security and functional data cleaning  | 10
Fully transformer network for skin lesion analysis  | 2022  | ISIC 2018 (Segmentation & Classification), ISIC 2019 & 2020 (Classification)  | ~12,619 (ISIC 2018 Seg: 2,594; ISIC 2018 Class: 10,025)  | No (External data used for ISIC 2020 to alleviate imbalance)  | Resizing (512x512 for Seg; 224x224 for Class)  | Random horizontal/vertical flip, Random rotation (0-360°)  | Lesion Boundary  | Both  | FTN (Hierarchical Transformer with Spatial Pyramid Transformer [SPT] and Sliding Window Tokenization [SWT])  | New Architecture (Fully Transformer-based hierarchical network)  | Yes [Transfer learning from Seg dataset to Class dataset]  | Accuracy, Sensitivity, Specificity, Jaccard Index, Dice, AUC, MAUC, Precision  | JI: 82.8%, DSC: 89.8% (Seg); AUC: 89.7% (Class)  | Yes (vs. UNet, AttUNet, ResUNet, R2UNet, FCN)  | Fails in extreme cases with extremely low contrast between background and foreground  | Stimulate more research on other medical image segmentation tasks using Transformers  | 10
Fusing fine-tuned deep features for skin lesion classification  | 2019  | ISIC 2016, ISIC 2017  | 2,787 (2,187 training; 600 testing)  | No (Handled without explicit balancing or resampling as it did not improve performance)  | Colour standardisation (Grey World), Normalization (ImageNet mean/Training mean subtraction), Resizing (227x227 or 224x224)  | Rotation (90°, 180°, 270°), Horizontal flipping, Random scaling (0.9 to 1.1), Random shearing (-2° to 2°)  | N/A (Classification focus; explicitly avoided segmentation)  | Both (Ternary: Melanoma, Seborrheic Keratosis, Benign Nevi)  | AlexNet, VGG16, ResNet-18, ResNet-101  | Ensemble (Intra-architecture and inter-architecture network fusion)  | Yes [ImageNet]  | AUC, Accuracy, Sensitivity, Specificity  | Average AUC: 91.4% (MM AUC: 87.3%; SK AUC: 95.5%)  | Yes (Outperformed top-ranked methods of ISIC 2017)  | Small training data size; Limited number of investigated architectures; Information loss during image resizing  | Incorporate more architectures (e.g., DenseNet, GoogleNet); Use hand-crafted feature descriptors; Evaluate on more diverse datasets  | 10
Fusion of U-Net and CNN model for segmentation and classification of skin lesion from dermoscopy images  | 2023  | HAM10000  | 10,015  | No reported  | Resizing (to 192x256 for U-Net; segmented output resized to 28x28 for CNN) , ROI extraction (via U-Net)  | None reported  | Lesion Boundary  | Multi-class (7 classes: MEL, NV, BCC, AKIEC, BKL, DF, VASC)  | U-Net (Segmentation) + Custom CNN (Classification: 5 Conv, 3 MP, 3 Dense)  | New Architecture (Fusion of U-Net and CNN)  | No (Custom CNN used for classification phase)  | Accuracy, Precision, Sensitivity, Specificity  | ACC: 97.96% (with Adadelta optimizer)  | Yes  | Misclassification occurs due to different diseases sharing similar visual characteristics  | Enhance images in preprocessing; Explore ensemble approaches for classification; Generalize to other biomedical images  | 10
FusionM4Net: A multi-stage multi-modal learning algorithm for multi-label skin lesion classification  | 2022  | Seven-point checklist dataset  | 1,011 (413 Train, 203 Validation, 395 Test)  | No (Handled via data augmentation and weighted average fusion schemes)  | Resizing (224x224x3)  | Random vertical and horizontal flips, shifts, and distortions  | Attributes (Pigment Network, Streaks, Pigment, Regression Structures, Dots/Globules, Vascular Structures, Blue Whitish Veil)  | Both (Multi-label classification of 7 attributes plus diagnostic label)  | FusionNet (Two ResNet-50 backbones) + SVM Cluster  | New Architecture (Multi-stage fusion at feature and decision levels)  | Yes [ImageNet]  | Accuracy (AVG), AUC, SEN, SPE, PRE  | AVG Accuracy: 77.0%; Diagnostic Accuracy: 78.5%  | Yes  | Ignores label dependencies for the multi-label task  | Use Graph Convolutional Networks (GCN) to capture label dependencies  | 10
GAN based augmentation using a hybrid loss function for dermoscopy images  | 2024  | HAM10000  | 2,065 (770 original + 1,295 augmented)  | Yes (Balanced to 110 images per class for all 7 classes)  | Resizing (to backbone default), Smoothing via hybrid loss  | Proposed GAN-based augmentation (Hybrid loss: Content + SSIM + Smooth L1)  | N/A | Multi-class (7 classes: VASC, AKIEC, BKL, MEL, DF, NV, BCC)  | Inception-v4, Inception-ResNet-V2 (Backbone for GAN: Pix2pix/U-Net)  | New Loss Function (Hybrid loss combining Content, SSIM, and Smooth L1)  | Yes [ImageNet]  | Accuracy, Sensitivity, Specificity, F1-Score, MCC  | ACC: 93.12% (Inception-ResNet-V2)  | Yes (vs. Pix2pix, DCGAN, StyleGAN, SL-StyleGAN, SPGGAN, SPGGAN-TTUR)  | Not yet applied to other medical imaging modalities (e.g., MR, CT, X-ray)  | Apply the proposed augmentation to other medical image types to test performance  | 10
GFANet: Gated Fusion Attention Network for skin lesion segmentation  | 2023  | ISIC 2017, ISIC 2018, PH2  | ~5,544 (ISIC 2017: 2,750; ISIC 2018: 2,594; PH2: 200)  | No (Pixel-level imbalance handled by combining Binary Cross-Entropy and Dice loss)  | Resizing (224x224), Normalization  | Random flip (horizontal and vertical), Random rotation  | Lesion Boundary  | N/A (Segmentation focus)  | GFANet (ResNet-34 backbone with Gated Fusion and Progressive Relation Decoders)  | New Architecture (Context Features Gated Fusion and Boundary-Sensitive Progressive Relation decoders)  | Yes [ImageNet]  | Dice, Jaccard Index (IoU), Accuracy, Sensitivity, Specificity  | Dice: 0.925 (ISIC 2018), 0.871 (ISIC 2017), 0.951 (PH2)  | Yes (vs. U-Net, AttU-Net, DAGAN, CE-Net, FAT-Net, etc.)  | Performance drops on extremely low-contrast lesions or those with heavy hair/veils  | Explore more efficient feature extractors to reduce parameters; Apply to other medical imaging tasks  | 10
HC-Mamba: Vision Mamba with Hybrid Convolutional Techniques for Medical Image Segmentation | 2024 | ISIC 2017, ISIC 2018, Synapse Multi-Organ | ~9,544 (ISIC 2017: 2,750; ISIC 2018: 2,594; Synapse: 4,200) | No reported | Preprocessing (unspecified steps to handle labels/tables), Patch Embedding (4x4 blocks), Layer Normalization | None reported | Lesion Boundary (and Organ contours) | N/A (Segmentation focus) | HC-Mamba (U-shaped architecture with HC-SSM blocks combining Dilated and Depthwise Separable convolutions) | New Architecture (Hybrid State Space Model) | No reported (Trained on medical datasets) | mIoU, Dice Score (DSC), Accuracy, Specificity, Sensitivity, HD95 | DSC: 87.89% (ISIC 2018), 87.38% (ISIC 2017), 79.58% (Synapse) | Yes (vs. UNet, Swin U-Net, VM-UNet, MedMamba, etc.) | Reduced image resolution and information loss during downsampling | Test on datasets from other imaging technologies; Use explainable AI to analyze decision-making mechanisms | 10
HSH-UNet: Hybrid selective high order interactive U-shaped model for automated skin lesion segmentation | 2024 | ISIC 2017, ISIC 2018, PH², Private (Ruijin Hospital) | ~4,833 (ISIC 2017: 2,000; ISIC 2018: 2,594; PH²: 200; Private: 39) | No (External validation datasets used for diverse validation) | Resizing (256x256) | Horizontal flip, Vertical flip, Random rotation | Lesion Boundary | N/A (Segmentation focus) | HSH-UNet (U-shaped architecture with HSHB, CAB, SAB, and ConvMixer modules) | New Architecture (Hybrid selective high-order interaction) | No reported | DSC, ACC, SE, SP | DSC: 0.9108 (ISIC 2017), 0.9059 (ISIC 2018), 0.9226 (PH²), 0.8712 (Private) | Yes (vs. UNet, Att U-Net, TransUNet, SCR-Net, MALUNet, etc.) | Research limited only to skin lesion segmentation; limited clinical data for external validation | Apply method to more diseases and complex medical image segmentation; collect more sufficient clinical data | 10
Hyperspectral and multispectral imaging in digital and computational pathology: a systematic review | 2020 | Various Public and Private (summarized from 192 studies including ISIC 2012 mitosis dataset, human and animal samples)  | N/A (Review Paper) | N/A (Review Paper) | Data calibration, Color standardization, Image enhancement, Demosaicking  | N/A | Both (Lesion and cellular structures like nuclei, nerve fibers, and multiple biomarkers)  | Both (Binary and Multi-class across multiple diseases)  | SVM, Random Forests, Neural Networks, CNNs, KNN, LDA, K-means, Multinomial Logistic Regression  | Review of existing HSI/MSI methodologies and instrumentation  | Yes (Widespread use of transfer learning reported in reviewed deep learning studies)  | Accuracy, AUC, Sensitivity, Specificity, Jaccard Index, Dice Score, mIoU, Spectral Angle Mapper (SAM)  | N/A (Review) | Yes (HSI/MSI reported to outperform RGB in specific tasks like thyroid and liver tissue differentiation)  | High instrumentation cost; lack of standardization; massive data storage requirements; computational complexity; publication bias toward positive results  | Exploration of unstained samples; investigation of the NIR spectral range (>1000 nm); development of public datasets for benchmarking; clinical validation through multi-institutional studies  | 10
Identification of Melanoma From Hyperspectral Pathology Image Using 3D Convolutional Networks | 2021 | Private (Wenzhou Hospital, China)  | 125  | Yes (H&E staining)  | 10x and 20x  | Preprocessing (Calibration to eliminate electronic noise using blank and dark images; Band selection using mutual information and PCA)  | Lesion Boundary (Melanoma area)  | Binary (Melanoma vs. Healthy Skin Tissue)  | Hyper-net (3D Fully Convolutional Network based on an encoder-decoder structure with a dual-path module and dilated convolutions)  | New Architecture (Hyper-net)  | No (Specifically designed and trained on hyperspectral data)  | Accuracy, False Positive Rate (FPR), True Positive Rate (TPR), Dice Score, ROC, AUC  | Accuracy: Over 92% (Overall 92.67%), Dice Score: 0.91  | Yes (vs. 2D CNN with RGB and 2D Hyperspectral inputs, and 3D V-net)  | Complex textures and differentially enriched structures of skin tissue; Data volume challenges; Class imbalance leading to false negatives  | Upgrading the system to enlarge the spectral range (400–750 nm); Exploring clinical use for deterioration possibility assessment  | 10
Image Classification of Melanoma, Nevus and Seborrheic Keratosis by Deep Neural Network Ensemble | 2017 | ISIC 2017 | 2,000 (Training) | No (Used external data from ISIC Archive to increase sample size) | Luminance and color balance normalization (Shades of Gray), Resizing (224x224 or 299x299) | Random cropping, flipping, and color jittering | N/A (Classification focus) | Both (Ternary: Melanoma, Nevus, Seborrheic Keratosis; implemented via two binary classifiers) | Ensemble of CNNs (ResNet-50, Inception-v3, VGG-16) | Ensemble of fine-tuned existing architectures | Yes [ImageNet] | Area Under the ROC Curve (AUC) | Mean AUC: 0.958 (MM AUC: 0.924; SK AUC: 0.993) | Yes (Ranked in ISBI 2017 Challenge) | None reported (Focus on challenge performance) | N/A | 10
Improving Medical Image Classification with Label Noise Using Dual-uncertainty Estimation | 2021 | ISIC 2019, ChestX-ray14 | ~25,331 (ISIC 2019); 112,120 (ChestX-ray14) | No (ISIC 2019 is highly imbalanced; handled via data-driven robustness to asymmetric noise) | Resizing (224x224) | Standard data augmentation (unspecified details) | N/A (Classification focus) | Both (ISIC 2019: Multi-class; ChestX-ray14: Multi-label) | Dual-uncertainty Estimation (DUE) framework with ResNet-50 backbone | New Framework (DUE for handling disagreement and single-target label noise) | Yes [ImageNet] | Accuracy, Area Under the ROC Curve (AUC) | AUC: 0.908 (ISIC 2019 with 20% noise); AUC: 0.825 (ChestX-ray14) | Yes (vs. Co-teaching, JoCoR, PENCIL, Masking, etc.) | High observer variability leads to "disagreement noise"; asymmetric (class-dependent) noise is more challenging than symmetric noise | Extend framework to other medical modalities; further explore the relationship between aleatoric and epistemic uncertainty in clinical labels | 10
Intelligent skin cancer detection applying autoencoder, MobileNetV2 and spiking neural networks | 2021 | ISIC skin cancer dataset | 3,297 (1,800 benign and 1,497 malignant) | No (External data not specifically mentioned; 75% training/25% testing split) | Resizing (224x224) | Data augmentation mentioned in reviewed studies (Hosny et al., Nugroho et al.) but not explicitly used in the authors' own method | N/A (Classification focus) | Binary (Benign vs. Malignant) | MobileNetV2 (Backbone) + Autoencoder + Spiking Neural Network (SNN) | New Framework (Combining CNN, Autoencoder, and SNN) | Yes [ImageNet pre-trained MobileNetV2] | Accuracy, Sensitivity, Specificity, Precision, F1-score | ACC: 95.27% | Yes (vs. AlexNet, ResNet-50, GoogLeNet, and others) | SNNs require deep learning models for feature extraction (cannot provide efficient features alone); SNN parameter values must be manually tuned for different datasets | Identify different disease types; aim to select fewer but more efficient features | 10
Interpretable deep learning systems for multi-class segmentation and classification of non-melanoma skin cancer | 2021 | Private (MyLab Pathology collection) | 290 H&E slides (140 BCC, 60 SCC, 90 IEC) | No (Statistics reflect general population prevalence; splits maintained 80:10:10) | xylene processing, mosaic stitching (0.67µm/pixel), downsampling (2x, 5x, 10x) | Flipping and rotating patches containing underrepresented classes (8x augmentation) | Lesion Boundary (and 11 other tissue structures) | Multi-class (4 classes: Healthy, BCC, SCC, IEC) | U-Net-like decoder with ResNet50 encoder | New Framework (Naturally interpretable multi-class semantic segmentation for histological analysis) | Yes [ImageNet pre-trained ResNet50] | Per-pixel Accuracy, Average Class Accuracy | 93.6% (Four-class); 97.9% (Binary cancer/non-cancer) | Yes (vs. Random Forest, K-Nearest-Neighbors, Single-Layer Perceptron) | High-resolution focus may miss high-level context (e.g., hair follicles); ambiguity between proximal tissue layers; small sample size (n=290) | Extend to assessment of degree of differentiation, depth of invasion, and lymphovascular/perineural invasion | 10
I2U-Net: A dual-path U-Net with rich information interaction for medical image segmentation  | 2024  | ISIC2018 (Public), PH² (Public)  | 2,794 (2594 in ISIC2018 + 200 in PH²)  | No; Joint loss (Dice + Cross-Entropy) used to address class distribution imbalance  | Resampling/Resizing (to 224x224 pixels)  | None reported | Lesion Boundary  | N/A | I2U-Net (Dual-path U-Net with ResNet-34 encoder, MFII, and HIFA modules)  | New Architecture  | Yes (ImageNet 2012 for encoder in ablation study; otherwise trained from scratch)  | IoU, Dice  | ISIC2018: IoU 83.66%, Dice 90.10%; PH²: IoU 85.70%, Dice 91.83%  | Yes  | High computational cost/parameters in the dual-path ResNet-34 encoder leading to longer inference times  | Design a lightweight backbone, utilize Neural Architecture Search (NAS), and extend to more 2D/3D medical segmentation tasks  | 10
Machine Learning and Deep Learning Algorithms for Skin Cancer Classification from Dermoscopic Images | 2022 | Kaggle (Archive of ISIC) and HAM10000 | 13,312 total (3,297 from Kaggle and 10,015 from HAM10000) | Kaggle: Yes (evenly balanced); HAM10000: No (highly imbalanced) | Resizing ($224\times224$ pixels), pixel value rescaling (0 to 1), and vectorization | Random rotations, random zooms, and random flips | N/A | Binary (Benign vs. Malignant) | Logistic Regression, LDA, KNN, CART, Gaussian Naive Bayes, Custom CNN, VGG16, Xception, ResNet50 | Ensemble and Transfer Learning | Yes (ImageNet) | Accuracy, Precision, Recall, F-score, ROC curve, AUC | Accuracy: 0.88; F-score: 0.88 (VGG16 with fine-tuning) | Yes | ML models exhibit high false negatives (low recall/F-score); dataset imbalance significantly impacts DL performance metrics like F-score | Systematic study of pre-trained models as resource extractors for other ML classifiers; further optimization of data preprocessing (noise/artifact removal) | 9
Machine Learning and Deep Learning Methods for Skin Lesion Classification and Diagnosis: A Systematic Review | 2021 | MedNode, Dermis, DermQuest, PH2, ISIC (2016-2020), Dermofit, EDRA | ~106,398 (Initial records screened), 1011 (EDRA), 10,015 (ISIC 2018), 25,331 (ISIC 2019) | Varies by paper; often imbalanced (e.g., ISIC 2018, 2019) | Hair and blood vessel removal, median filtering, isotropic diffusion filtering, Gaussian filtering | Data augmentation, StyleGANs, SMOTE variants | Both | Both | AlexNet, VGG16, ResNet50, Inception V3, GoogLeNet, U-Net, Custom CNNs | Standard, Ensemble, Transfer Learning | Yes (ImageNet, etc.) | Accuracy, Sensitivity, Specificity, Precision, Dice, Jaccard | Accuracy: 99.9%; Sensitivity: 99.5%; Specificity: 99.6% (Reference [196]) | Yes | Small datasets leading to overfitting; ad hoc image selection; racial and gender bias (under-representation of dark-skinned people) | Integration of clinical data (age, race, skin type); creation of larger, more diverse public datasets to avoid bias | 10
Machine Learning and Deep Learning Methods for Skin Lesion Classification and Diagnosis: A Systematic Review | 2021 | MedNode, Dermis, DermQuest, PH2, ISIC (2016-2020), Dermofit, EDRA | ~106,398 (Initial records screened), 1011 (EDRA), 10,015 (ISIC 2018), 25,331 (ISIC 2019) | Varies by paper; often imbalanced (e.g., ISIC 2018, 2019) | Hair and blood vessel removal, median filtering, isotropic diffusion filtering, Gaussian filtering | Data augmentation, StyleGANs, SMOTE variants | Both | Both | AlexNet, VGG16, ResNet50, Inception V3, GoogLeNet, U-Net, Custom CNNs | Standard, Ensemble, Transfer Learning | Yes (ImageNet, etc.) | Accuracy, Sensitivity, Specificity, Precision, Dice, Jaccard | Accuracy: 99.9%; Sensitivity: 99.5%; Specificity: 99.6% (Reference [196]) | Yes | Small datasets leading to overfitting; ad hoc image selection; racial and gender bias (under-representation of dark-skinned people) | Integration of clinical data (age, race, skin type); creation of larger, more diverse public datasets to avoid bias | 10
MCI-GAN: a novel GAN with identity blocks inspired by menstrual cycle behavior for missing pixel imputation | 2025 | DDSM (Mammograms), IXI (Brain MRI), and ISIC (Skin Lesion) | 2,620 (DDSM), 600 (IXI), 25,000+ (ISIC) | 80% Training / 20% Testing split used for evaluation | Resizing (various resolutions like $256\times256$ and $1024\times1024$), data normalization, and artifact handling | Standard data augmentation (e.g., rotation, flipping) and generative augmentation via MCI-GAN | Both (Lesion boundary and anatomical structure segmentation) | Both (Binary and Multi-class classification mentioned as metadata/labels) | MCI-GAN (Generator with Identity Blocks + Multi-scale Feature Extraction) | New Architecture | Yes (Identity blocks inspired by ResNet; transfer learning discussed as future work) | RMSE, RSNR, SSIM, FID, IS, Dice Score, Accuracy | Dice: 94.78%; Accuracy: 95.01% (Residual Attention U-Net + MCI-GAN on ISIC) | Yes | Potential for overfitting on small datasets and high computational resource requirements | Incorporating attention mechanisms, transfer learning, and testing on larger diverse datasets | 10
Melanoma and Nevus Skin Lesion Classification Using Handcraft and Deep Learning Feature Fusion via Mutual Information Measures | 2020 | ISIC 2018 / HAM10000 | 10,015 | No (Unbalanced: 66.95% Nevus); SMOTE oversampling used | Gaussian filtering, RGB to CIELab* conversion, and mean thresholding | SMOTE oversampling for the minority class (Melanoma) | Lesion Boundary (via Bounding Box and Mean Thresholding) | Binary (Melanoma vs. Nevus) | VGG16, VGG19, ResNET-50, Inception v3, Mobilenet v1/v2, DenseNET-201, Xception | Feature Fusion (Handcraft + Deep) using Mutual Information (MI) | Yes (ImageNet) | Accuracy, Sensibility, Specificity, Precision, F-Score, AUC, G-Mean, IBA, MCC | Accuracy: 92.40%; Sensibility: 86.41% (Mobilenet v2) | Yes | Multiclass classification remains difficult due to limited data per class and dataset imbalance | Designing methods for multiclass classification using fused feature sets | 9
Melanoma Classification Using a Novel Deep Convolutional Neural Network with Dermoscopic Images 1 | 2022 2 | ISIC 2017, ISIC 2018, and ISIC 2019 3 | 2000 (ISIC 2017), 10,015 (ISIC 2018), 25,331 (ISIC 2019) 4 | No (Highly imbalanced); Resampling (Oversampling) used 5 | Resizing ($224\times224$ pixels) and pixel value normalization (standardization) 6 | Rotation, flipping, zooming, and brightness/contrast adjustments 7 | Lesion Boundary 8 | Binary (Melanoma vs. Non-Melanoma) 9 | Novel DCNN (7 Convolutional layers + 3 Fully Connected layers) 10 | New Architecture 11 | No 12 | Accuracy, Sensitivity, Specificity, Precision, F1-score, AUC 13 | Accuracy: 92.2% (ISIC 2018); 89.2% (ISIC 2019) 14 | Yes 15 | Computational complexity of the novel architecture; performance drops as the number of disease classes increases 16 | Improving the architecture for multi-class classification and real-time mobile deployment 17 | 9
Melanoma Detection Using Deep Learning-Based Classifications | 2022 | HAM10000 | 10,015 | No (Highly imbalanced); Augmentation (Oversampling) used to balance classes | Image enhancement using ESRGAN, Resizing ($224\times224\times3$ or $227\times227\times3$), and Normalization | Horizontal shift, Random rotation, and Zooming (range 0.1) | Lesion Boundary (ROI) | Multi-class (7 classes: akiec, bcc, bkl, df, mel, nv, vasc) | Modified ResNet-50 (added Fully Connected layers) and Custom CNN | New Architecture / Transfer Learning | Yes (ImageNet) | Accuracy, Precision, Recall, F-score, Top-2 Accuracy, Top-3 Accuracy | Accuracy: 86%; Precision: 0.84; Recall: 0.86; F-score: 0.86 (Custom CNN) | Yes | Complexity of diagnosing rare lesion types; performance decreases with imbalanced datasets | Testing with DenseNet, VGG, or AlexNet; adding non-cancerous lesion data to reduce confounding factors | 10
Melanoma lesion detection and segmentation using deep region based convolutional neural network and fuzzy C-means clustering | 2019 | ISIC 2016 | 1,276 total (900 training, 376 testing) | N/A (Method uses region-based detection to localize before segmenting; balance not specified) | Skin refinement: morphological closing (line structuring elements) for hair/vessel removal; un-sharp filter for enhancement | N/A (Transfer learning on CIFAR10 used for pre-training) | Lesion Boundary | Binary (Melanoma vs. Normal skin) | Deep Region-based CNN (RCNN) with Fuzzy C-Means (FCM) clustering | New Architecture (Integrating RCNN with FCM for medical analysis) | Yes (CIFAR10 used for pre-classification/transfer learning) | Accuracy (Ac), Specificity (SP), Sensitivity (SE), F1-score, Dice (Di), Jaccard (Jc), mAP | Ac: 0.948; SE: 0.9781; Di: 0.94; Jc: 0.93 | Yes | Failure to precisely localize in some images due to visual similarity between melanoma and normal skin | Integration of the classification task into the proposed detection and segmentation method | 10
MHorUNet: High-order spatial interaction UNet for skin lesion segmentation  | 2024  | ISIC2017, ISIC2018, PH², Private (Ruijin Hospital)  | 4,830  | No (Standard training/validation/testing split)  | Resizing (256x256)  | Flipping and rotation  | Lesion Boundary  | N/A  | MHorUNet (U-shaped structure with gnconv Horblocks, CAB, and SAB modules)  | New Architecture  | No  | DSC, SE (Sensitivity), SP (Specificity), ACC  | DSC: 0.9132 (ISIC2017); DSC: 0.9028 (ISIC2018)  | Yes  | Only focused on skin lesion segmentation; limited to specific datasets  | Apply method to other diseases and imaging modalities (CT, ultrasound, OCT)  | 9
MFSNet: A multi focus segmentation network for skin lesion segmentation  | 2022  | PH2, ISIC 2017, and HAM10000  | 12,594 (200 + 2,379 + 10,015)  | No (N/A)  | Resizing (256x256), Normalization, Hair removal (Blackhat transformation and Fast Marching Inpainting)  | None reported  | Lesion Boundary  | N/A  | Res2Net backbone, Parallel Partial Decoder (PPD), Boundary Attention (BA) modules, and Reverse Attention (RA) modules  | New Architecture  | Yes (Res2Net) | mDSC, mIoU, mFM, mSen, mSpe | mDSC: 0.987 (ISIC 2017), 0.954 (PH2), 0.906 (HAM10000)  | Yes  | Reliance on heavy preprocessing for accuracy; computational cost comparison limited by unavailability of open-source SOTA codes  | Extend to other medical domains (brain MRI, lung CT); incorporate semi-supervision for unlabeled datasets  | 9
MHorUNet: High-order spatial interaction UNet for skin lesion segmentation  | 2024  | ISIC2017, ISIC2018, PH², Private clinical dataset (Ruijin Hospital)  | 4,830 images (2,000 ISIC2017 + 2,594 ISIC2018 + 200 PH² + 36 Private)  | No (Fixed split used)  | Resizing (256x256)  | Flipping and rotation  | Lesion Boundary  | N/A  | MHorUNet (U-shaped architecture with recursive gated convolution/gnconv, Horblocks, CAB, and SAB modules)  | New Architecture  | No (Trained from scratch/standard initialization)  | DSC, SE, SP, ACC  | DSC: 0.9198 (PH²), DSC: 0.9132 (ISIC2017)  | Yes  | Only evaluated on skin lesion segmentation tasks; clinical generalizability to other medical imaging modalities not yet tested  | Application of MHorUNet to other medical imaging modalities like CT, ultrasound, and OCT  | 10
Modified U-NET Architecture for Segmentation of Skin Lesion | 2022 | PH2  | 200 images  | No (Fixed split used) | Resizing  | Offline flipping and rotation  | Lesion Boundary  | N/A | Modified U-Net (Modified feature map dimensions and increased kernels)  | New Architecture  | No (Trained from scratch/standard initialization) | Jaccard Index, Dice Coefficient, Precision, Recall, Accuracy, Loss  | Jaccard Coefficient: 0.976; Accuracy: 0.977  | Yes  | Limited dataset size (PH2); scope for further improving Dice Coefficient and Precision  | Use segmented images for classification purposes to improve diagnosis accuracy; analyze Adadelta and SGD optimizers on different batch sizes/epochs  | 9
Ms RED: A novel multi-scale residual encoding and decoding network for skin lesion segmentation | 2022 | ISIC 2016, ISIC 2017, ISIC 2018, and PH² | 6,323 images (Training/Validation/Test totals across all listed datasets) | No reported method (Standard splits utilized: ISIC 2018 at 70%/10%/20%; PH² at 80/20/100 images) | Resizing ($224\times320$ pixels) | Rotation (-20 to 20 degrees), horizontal flip, and cropping | Lesion Boundary | N/A | Ms RED (Backbone based on U-Net with multi-scale residual paths, MSR-EFM, MsR-DFM, and $M^{2}F^{2}$ modules) | New Architecture | Yes (Encoder pre-trained on ImageNet 2012) | JI, Dice, ACC, Recall, and Precision | JI: 0.8703 (ISIC 2016); JI: 0.9014 (PH²) | Yes | Relies on local convolution operations which ignore global contextual information and long-range dependencies | Exploring hybrid networks that combine CNNs with lightweight Transformers to bridge the encoder and decoder for global context fusion | 10
MSRF-Net: A Multi-Scale Residual Fusion Network for Biomedical Image Segmentation  | 2022  | ISIC 2017, ISIC 2018, and CVC-ClinicDB (Polyp segmentation)  | 3,212 images (2,000 ISIC 2017 + 1,212 ISIC 2018; plus polyp datasets)  | No (Standard data splits used)  | Resizingand normalization  | Random rotation, horizontal/vertical flips, and elastic transformations  | Both (Focuses on lesion boundaries but evaluates on various biomedical structures)  | N/A | MSRF-Net (U-shaped architecture featuring Dual-Scale Dense Fusion (DSDF) blocks and a Multi-Scale Residual Fusion sub-network)  | New Architecture  | No (Trained from scratch)  | DSC, JI, Recall, Precision, and Accuracy  | DSC: 0.8669 (ISIC 2017); DSC: 0.9217 (ISIC 2018)  | Yes  | Performance on highly occluded or extremely low-contrast lesions can still be improved  | Extending the MSRF-Net to 3D medical image segmentation and incorporating uncertainty estimation  | 10
Multi-class multi-level classification algorithm for skin lesions classification using machine learning techniques | 2020  | Public (DermIS, DermQuest) and Private (Clinical cases from the University of Nottingham)  | 800 images  | Yes (Synthetic Minority Over-sampling Technique - SMOTE used for class balancing)  | Resizing, Color Space Conversion (RGB to HSV/Lab), and Denoising (Median Filter)  | None reported  | N/A  | Multi-class (Melanoma, BCC, Nevus, Eczema, Psoriasis, etc.)  | Custom CNN and Ensemble of Hand-crafted features with SVM/Random Forest  | Ensemble (Combines Deep Learning with traditional Machine Learning)  | No (Custom CNN architecture trained from scratch)  | ACC, Sensitivity, Specificity, and F-measure  | ACC: 94.12%  | Yes  | Limited dataset size and high computational cost for the ensemble model  | Integration of more diverse dermatological conditions and optimization for mobile deployment  | 8
Multiclass skin cancer classification using EfficientNets – a first step towards preventing skin cancer  | 2022  | HAM10000  | 10,015 images  | Yes (Oversampling and data augmentation used to address class imbalance)  | Resizingand Normalization  | Rotation, Shearing, Zooming, and Flipping (Horizontal/Vertical)  | N/A  | Multi-class (7 classes: AKIEC, BCC, BKL, DF, MEL, NV, VASC)  | EfficientNet (B0 through B7 architectures)  | Standard  | Yes (Pre-trained on ImageNet)  | Accuracy, Precision, Recall, F1-score  | Accuracy: 95.8% (EfficientNet-B7)  | Yes  | High computational resources required for larger EfficientNet versions; performance still varies on minority classes despite oversampling  | Implementation on mobile platforms for real-time diagnosis and exploring newer Transformer-based models  | 10
Multi-Class Skin Cancer Classification Using Vision Transformer Networks and Convolutional Neural Network-Based Pre-Trained Models  | 2023  | HAM10000 (sourced via Kaggle)  | 10,015 images (7,140 for training, 140 for validation, 140 for testing used in final classification report)  | Yes (Addressed via data augmentation for minority classes and random under-sampling to achieve 980 samples per class for training)  | Resizingand normalization  | Position augmentation (scaling, cropping, affine transformation, padding, flipping, translation, rotation) and color augmentation (hue, brightness, saturation, contrast)  | N/A  | Multi-class (7 classes: AKIEC, BCC, BKL, DF, MEL, NV, VASC)  | Vision Transformer (ViT) and various CNN architectures (ResNet50, ResNet101, ResNet152, VGG16, VGG19, etc.)  | New Architecture (Applying off-the-shelf ViT as a competitive alternative to CNNs for multi-class skin cancer classification)  | Yes (ViT pre-trained on ImageNet-21k; CNN models pre-trained on ImageNet)  | Accuracy, Precision, Recall, and F1-score  | Accuracy: 92.14% (ViT model)  | Yes (Compared with 11 CNN-based transfer learning methods and previous SOTA studies)  | Requires further improvements in preprocessing techniques for deep learning models  | Further investigate and optimize preprocessing techniques to enhance model reliability  | 10
Multiclass Skin Lesion Classification Using a Novel Lightweight Deep Learning Framework for Smart Healthcare | 2022 | HAM10000 | 10,015 images | Yes (Balance loss used to handle the class imbalance problem) | Resizingand Normalization | Rotation, Shearing, Zooming, and Flipping (Horizontal/Vertical) | N/A | Multi-class (7 classes: AKIEC, BCC, BKL, DF, MEL, NV, VASC) | Lightweight CNN (based on MobileNetV2 with a Modified Depthwise Separable Convolution) | New Architecture | Yes (Pre-trained on ImageNet) | Accuracy, Precision, Recall, F1-score | Accuracy: 95.3% | Yes | Performance on extremely rare classes (e.g., DF) is lower than on common classes; reliance on dermoscopic images rather than clinical ones | Developing a mobile application for real-time diagnosis; exploring federated learning for privacy-preserving data sharing between hospitals | 9
Multiclass skin lesion localization and classification using deep learning based features fusion and selection framework for smart healthcare | 2023  | ISIC 2018, ISIC 2019, and HAM10000  | 37,944 images (ISIC 2018: 2,594; ISIC 2019: 25,331; HAM10000: 10,019)  | No (Standard data splits used; class imbalance handled via data augmentation)  | Resizingand normalization  | Vertical flip, horizontal flip, and rotation (90, 180, 270 degrees)  | Both (Localization of lesion area and multi-class classification)  | Multi-class (7 to 8 classes depending on the dataset: MEL, NV, BCC, AKIEC, BKL, DF, VASC, SCC)  | Feature fusion framework using DenseNet-201 and DarkNet-53 backbones  | New Architecture (Hybrid feature fusion and selection using Skewness-controlled Kurtosis-based Ant Colony Optimization)  | Yes (Pre-trained models on ImageNet)  | Accuracy, Precision, Recall, F1-Score, and AUC  | Accuracy: 99.1% (ISIC 2018); 98.7% (ISIC 2019); 98.4% (HAM10000)  | Yes  | High computational complexity due to dual-stream feature fusion; dependency on high-quality dermoscopic images  | Exploring more lightweight architectures for mobile deployment and extending the framework to real-time video stream analysis  | 10
Multi-features extraction based on deep learning for skin lesion classification | 2022 | ISIC 2019 and PH2  | 25,531 images (25,331 from ISIC 2019 + 200 from PH2)  | Yes; Significant class imbalance in ISIC 2019 was addressed using data augmentation to increase the total dataset size to 63,661 images  | Hair removal (DullRazor algorithm), smoothing (Adaptive median filters), and image enhancement (color correction, illumination/contrast/edge enhancement)  | Rotation, zooming, shearing, cropping, flipping, skewing, and random color/brightness adjustments  | N/A | Multi-class (8 classes for ISIC 2019: MEL, NV, BCC, AK, BKL, DF, VASC, SCC; 3 classes for PH2: common nevus, atypical nevus, melanoma)  | 17 pre-trained CNN architectures (including DenseNet201, ResNet series, InceptionV3, GoogLeNet, and MobileNet) used as feature extractors combined with 24 machine learning classifiers  | Ensemble; Investigates two-step pipeline of deep learning feature extraction followed by traditional machine learning classifiers  | Yes (Pre-trained on ImageNet)  | ACC, Sensitivity, Specificity, Precision, Balanced Accuracy, and F-measure  | ACC: 92.34% (ISIC 2019 with DenseNet201 + Fine KNN); ACC: 99.00% (PH2 with DenseNet201 + Cubic SVM)  | Yes (Compared with state-of-the-art models for both datasets)  | Traditional feature extraction is complex and dependent on a priori information; large public datasets are needed for reliable analysis  | Designing hybrid models that integrate innumerable characteristics and identifying the optimal combinations of feature extractors and classifiers for specific clinical applications  | 10
Multimodal skin lesion classification using deep learning | 2018  | New dataset composed of 2,917 cases (sourced from MetaOptima Technology Inc. and the Medical University of Vienna)  | 2,917 cases (each including a dermatoscopic image, a macroscopic image, and patient metadata)  | No (aggregated disease classes used; specific balancing method like oversampling not explicitly detailed beyond manual selection for quality)  | Automatic central square cropping and resizing (macroscopic and dermatoscopic images)  | None reported  | Lesion Boundary (via manual screening and automatic cropping)  | Both (Binary melanoma detection and 5-class classification)  | Two ResNet-50 towers (one for each image modality) followed by a late fusion embedding network with fully connected layers  | Ensemble (Late fusion of multiple imaging modalities and metadata)  | Yes (Pre-trained on ILSVRC 2015/ImageNet) | mAP, Top-1 Accuracy, AUC for Melanoma, and AUC for Cancer  | AUC for Melanoma: 0.866; mAP: 0.729  | Yes (Outperformed baseline single-modality classifiers and compared with previous studies)  | Verification bias (all cases histopathologically verified/excised); potential data bias for specific patterns (e.g., nose visible in BCC images); and small sample size for certain groups like seborrheic keratoses  | Integrating more benign non-excised skin lesions (angiomas, dermatofibromas, etc.) and further stratification based on clinical suspicion  | 10
Multiple skin lesions diagnostics via integrated deep convolutional networks for segmentation and classification | 2020 | ISIC 2016, ISIC 2017, and ISIC 2018  | 13,858 images (1,279 ISIC 2016 + 2,750 ISIC 2017 + 9,829 ISIC 2018)  | No (Standard data splits used; class imbalance noted but specific balancing method not detailed)  | Resizing and normalization  | Horizontal flipping, vertical flipping, and rotation| Both (Focuses on lesion boundary segmentation followed by classification)  | Both (Binary: Malignant vs. Benign; Multi-class: MEL, NV, BCC, AKIEC, BKL, DF, VASC)  | Full Resolution Convolutional Network (FrCN) for segmentation; Inception-v3, ResNet-50, Inception-ResNet-v2, and DenseNet-201 for classification  | Ensemble (Integrated diagnostic framework combining segmentation and classification stages)  | Yes (Classification backbones pre-trained on ImageNet)  | Segmentation: DI, JI, SE, SP, ACC; Classification: ACC, SE, SP, Precision, F1-score, AUC  | Segmentation (ISIC 2018): DI: 0.89; Classification (ISIC 2018): ACC: 89.5% (DenseNet-201)  | Yes (Compared with several SOTA methods)  | Segmentation performance can be limited by low contrast or fuzzy boundaries; classification depends heavily on segmentation accuracy  | Improving segmentation for low-contrast images and exploring more advanced deep learning architectures for skin lesion analysis  | 10
Novel Transfer Learning Approach for Medical Imaging with Limited Labeled Data | 2021 | HAM10000 (Skin Lesions) and Breast Cancer Histology (BCH) dataset  | 10,015 images (Skin Lesions) and 3,771 images (BCH)  | Yes (Addressed via extensive data augmentation for minority classes to balance the training set)  | Resizingand normalization  | Rotation, flipping, zooming, shearing, and translation  | N/A | Multi-class (7 classes for skin cancer: MEL, NV, BCC, AKIEC, BKL, DF, VASC; 4 classes for breast cancer)  | Two-stage Transfer Learning (TL) with a pre-trained ResNet-50 as the backbone  | New Architecture (Proposed a two-stage training strategy where the model is first pre-trained on a large related medical dataset before being fine-tuned on the target dataset)  | Yes (Stage 1: Pre-trained on ImageNet; Stage 2: Pre-trained on a large-scale medical dataset)  | Accuracy, Precision, Recall, F1-score, and AUC  | Accuracy: 94.7% (Skin Lesions) and 92.4% (Breast Cancer)  | Yes (Outperformed standard one-stage transfer learning methods)  | Still requires significant computational time for the two-stage training process; limited by the availability of large-scale related medical datasets for the first stage  | Exploring the application of this two-stage TL approach to other medical imaging modalities like X-rays and MRI; investigating the use of more complex backbones  | 10
On the Automatic Detection and Classification of Skin Cancer Using Deep Transfer Learning | 2022 | HAM10000 | 10,015 images  | No (Addressed via data augmentation for minority classes to ensure balanced representation during training)  | Resizing and normalization  | Rotation, flipping, zooming, shearing, and translation  | N/A | Multi-class (7 classes: MEL, NV, BCC, AKIEC, BKL, DF, VASC)  | Various pre-trained CNN architectures including AlexNet, VGG16, VGG19, ResNet18, ResNet50, ResNet101, GoogleNet, and InceptionV3  | Standard (Comparative analysis of transfer learning performance across different architectures)  | Yes (Pre-trained on ImageNet)  | Accuracy, Precision, Recall, and F1-score  | Accuracy: 93.6% (using ResNet101)  | Yes (Compared with other deep learning-based approaches)  | Performance is limited by the quality of images and potential noise in the public dataset  | Evaluating the impact of more advanced preprocessing techniques and exploring ensemble methods to further boost classification accuracy  | 10
PAD-UFES-20: A skin lesion dataset composed of patient data and clinical images collected from smartphones  | 2020  | PAD-UFES-20 (Clinical images from smartphones and patient metadata)  | 2,298 images  | No (Highly imbalanced: 52% Melanocytic Nevus, while others like BCC or Melanoma have much lower frequencies)  | None reported (Images were collected via smartphone and standardized for the dataset)  | N/A  | N/A  | Multi-class (6 classes: BCC, SCC, ACK, MEL, NEV, SEK)  | N/A (This is a dataset descriptor paper; no specific model architecture is proposed or tested)  | N/A  | N/A  | N/A (Standard dataset statistics such as age, gender, and anatomical site are provided)  | N/A  | N/A  | Data collected from various smartphone devices leading to variations in resolution and lighting; class imbalance  | Improving the dataset by including more diverse cases and integrating it into mobile-based diagnostic applications  | 10
Quantum computational infusion in extreme learning machines for early multi-cancer detection  | 2025  | Multi-cancer dataset (including lung cancer and potentially others; references mention ISIC and skin cancer contexts)  | Not explicitly totaled in snippet (mentions average improvements across datasets)  | Method used: Quantum-Genetic Binary Grey Wolf Optimizer (Q-GBGWO) for parameter optimization  | Not explicitly detailed in snippet (mentions diverse feature fusion strategy)  | Feature fusion  | N/A  | Multi-class (Multi-cancer detection)  | Hybrid model: Extreme Learning Machine (ELM) with FuNet transfer learning  | New Architecture (Integration of ELM, FuNet, and Q-GBGWO optimization)  | Yes (FuNet transfer learning)  | Accuracy (and others implied by "diagnostic performance")  | Accuracy improved by an average of 6%  | Yes (Comparison implied by improvement metrics)  | Not explicitly detailed in snippet  | Not explicitly detailed in snippet  | 8
Recent advancement in cancer detection using machine learning: Systematic survey of decades, comparisons and challenges | 2020 | Multiple (Review paper covering various datasets including ISIC, DDSM, MIAS, etc.)  | N/A (Survey paper)  | N/A (Survey paper)  | Various (Discusses hair removal, contrast enhancement, and noise reduction across different studies)  | Various (Discusses rotation, scaling, and flipping across different studies)  | Both (Reviews methodologies for both boundary and attribute segmentation)  | Both (Reviews both binary and multi-class classification tasks)  | Various (Reviews CNNs, RNNs, DBNs, GANs, and ensemble architectures)  | Standard (Systematic survey and comparative analysis)  | Yes (Reviews numerous studies utilizing transfer learning from ImageNet)  | Accuracy, Precision, Recall, F1-score, AUC, Sensitivity, Specificity  | N/A (Survey paper)  | Yes (Provides comprehensive comparative tables of existing SOTA)  | Lack of large-scale annotated medical datasets, class imbalance, and high computational requirements for complex models  | Development of more interpretable AI models (XAI), cross-modality data fusion, and real-time mobile diagnostics  | 10
Recent advancement in cancer diagnosis using machine learning and deep learning techniques: A comprehensive review | 2022 | Multiple (Review paper covering various datasets including ISIC, DDSM, MIAS, etc.)  | N/A (Survey paper)  | N/A (Survey paper)  | Various (Discusses noise removal, contrast enhancement, and image restoration across various studies)  | Various (Discusses techniques like rotation, flipping, and scaling used in reviewed literature)  | Both (Reviews segmentation of various cancer types including lesion boundaries and internal attributes)  | Both (Covers both binary and multi-class classification for different cancers)  | Various (Reviews CNN, RNN, GAN, and traditional Machine Learning architectures like SVM and Random Forest)  | Standard (Comprehensive review and taxonomy of existing methods)  | Yes (Reviews numerous studies utilizing transfer learning from backbones like VGG and ResNet)  | Accuracy, Precision, Recall, F1-score, Sensitivity, Specificity, AUC  | N/A (Survey paper)  | Yes (Provides extensive comparison of SOTA results across different cancer types)  | Shortage of labeled medical data, class imbalance, and the need for more interpretable AI models  | Development of more robust architectures, multi-modal data fusion, and automated real-time diagnosis systems  | 10
Recurrent Residual Convolutional Neural Network based on U-Net (R2U-Net) for Medical Image Segmentation  | 2018  | ISIC 2017 (Skin Lesion), Blood Vessel (Retina), and Lung Lesion (CT)  | 2,000 images (ISIC 2017)  | No (Standard data splits used: 1,250 training, 150 validation, 600 testing)  | Resizing| None reported  | Lesion Boundary  | N/A  | RU-Net (Recurrent U-Net) and R2U-Net (Recurrent Residual U-Net)  | New Architecture (Combines U-Net with Recurrent Convolutional Neural Networks and Residual units)  | No (Trained from scratch to evaluate architecture performance)  | DI, JI, ACC, SE, SP  | DI: 0.8133; JI: 0.6922 (ISIC 2017)  | Yes (Compared with standard U-Net and Residual U-Net)  | Performance is compared on specific medical datasets; further testing on broader clinical scenarios is required  | Applying the proposed R2U-Net model to other 2D and 3D medical imaging segmentation tasks  | 10
Recurrent residual U-Net for medical image segmentation | 2019 | ISIC 2017, Blood Vessel (Retina), and Lung Lesion (CT) | 2,000 images (ISIC 2017)  | No (Standard data splits used: 1,250 training, 150 validation, 600 testing)  | Resizing| None reported  | Lesion Boundary  | N/A | RU-Net (Recurrent U-Net) and R2U-Net (Recurrent Residual U-Net)  | New Architecture (Combines U-Net with Recurrent Convolutional Neural Networks and Residual units)  | No (Trained from scratch to evaluate architecture performance)  | DI, JI, ACC, SE, SP  | DI: 0.8133; JI: 0.6922 (ISIC 2017)  | Yes (Compared with standard U-Net and Residual U-Net)  | Performance is compared on specific medical datasets; further testing on broader clinical scenarios is required  | Applying the proposed R2U-Net model to other 2D and 3D medical imaging segmentation tasks  | 10
Region-of-Interest Based Transfer Learning Assisted Framework for Skin Cancer Detection | 2020  | ISIC 2018, ISIC 2019, and HAM10000  | 37,944 images (ISIC 2018: 2,594; ISIC 2019: 25,331; HAM10000: 10,019)  | Yes (Addressed using a data augmentation-based framework to handle class imbalance by increasing samples for minority classes)  | Resizingand normalization  | Horizontal flipping, vertical flipping, and rotation| Both (Proposes a Region-of-Interest (ROI) based localization of lesion areas followed by classification)  | Multi-class (7 to 8 classes depending on the dataset: MEL, NV, BCC, AKIEC, BKL, DF, VASC, and SCC)  | VGG16 and AlexNet used as backbones within a custom ROI-based transfer learning framework  | New Architecture (Introduces an ROI-based extraction and selection framework to focus the transfer learning process on relevant lesion features)  | Yes (Pre-trained on ImageNet)  | Accuracy, Precision, Recall, F1-score, and AUC  | Accuracy: 98.4% (ISIC 2018); 97.9% (ISIC 2019); 95.8% (HAM10000)  | Yes (Compared with various SOTA deep learning models and transfer learning approaches)  | Higher computational cost due to the ROI extraction and multiple feature processing stages; reliance on high-quality dermoscopic images  | Optimizing the framework for real-time performance on mobile devices and exploring more advanced backbone architectures like EfficientNet  | 10
ResNet and its application to medical image processing: Research progress and challenges  | 2023  | Multiple (Review paper covering various medical datasets including ISIC, ChestX-ray8, and Alzheimer’s datasets)  | N/A (Survey paper)  | N/A (Survey paper)  | Various (Discusses noise removal, normalization, and image enhancement techniques across reviewed literature)  | Various (Discusses data augmentation methods like flipping, rotation, and cropping used in various studies)  | Both (Reviews segmentation methodologies for various organs and lesions)  | Both (Covers binary and multi-class classification tasks for multiple diseases)  | Residual Neural Network (ResNet) and its variants (e.g., ResNet-50, ResNet-101, ResNet-152)  | Standard (Systematic review of ResNet progress in medical imaging)  | Yes (Reviews numerous studies utilizing transfer learning from ImageNet to medical domains)  | Accuracy, Precision, Recall, F1-score, AUC, Sensitivity, Specificity  | N/A (Survey paper)  | Yes (Provides comprehensive comparative analysis of ResNet-based models against other architectures)  | Challenges include vanishing gradients in deep networks (addressed by skip connections), high computational cost, and the need for large-scale labeled medical data  | Future directions include cross-modal learning, integrating ResNet with Attention mechanisms or Transformers, and improving model interpretability in clinical settings  | 10
SCDNet: A Deep Learning-Based Framework for the Multiclassification of Skin Cancer Using Dermoscopy Images | 2022 | HAM10000 | 10,015 images  | Yes (Class balancing performed using a combination of oversampling and data augmentation for minority classes)  | Resizingand normalization  | Rotation (90, 180, 270 degrees), horizontal/vertical flipping, and zooming  | N/A | Multi-class (7 classes: MEL, NV, BCC, AKIEC, BKL, DF, VASC)  | SCDNet (A custom framework utilizing a modified VGG16 backbone with added Batch Normalization, Dropout layers, and a Global Average Pooling layer)  | New Architecture  | Yes (Pre-trained on ImageNet)  | Accuracy, Precision, Recall, F1-score, and Confusion Matrix  | Accuracy: 96.91%  | Yes (Compared with various SOTA deep learning models like ResNet, Inception, and standard VGG)  | High computational complexity; limited by the fine-grained similarities between certain lesion classes (e.g., Melanoma and Nevus)  | Integrating more diverse clinical data (patient metadata) and exploring more lightweight architectures for mobile-based dermatological screening  | 10
Semi-supervised learning for medical image classification using imbalanced training data | 2022 | ISIC 2018 (Skin Lesion) and ChestX-ray14 | 112,120 images (10,015 ISIC 2018 + 102,105 ChestX-ray14)  | Yes (Addressed using Adaptive Blended Consistency Loss (ABCL) to handle class imbalance in a semi-supervised setting)  | Resizingand normalization  | Heavy and light perturbations (e.g., cropping, flipping, color jittering) for consistency training  | N/A | Multi-class (7 classes for skin cancer: MEL, NV, BCC, AKIEC, BKL, DF, VASC)  | WideResNet-28-2 and ResNet-50  | New Architecture (Proposed ABCL as a drop-in replacement for consistency loss to tackle imbalanced training data)  | Yes (Pre-trained on ImageNet)  | Accuracy, F1-score, and Balanced Accuracy  | F1-score: 60.1% (ISIC 2018 with 20% labeled data)  | Yes (Compared against standard semi-supervised methods like FixMatch and MixMatch)  | Performance degrades significantly as the number of labeled samples decreases, especially for minority classes  | Extending the ABCL framework to other medical imaging tasks and exploring the integration of self-supervised pre-training  | 9
Simple is what you need for efficient and accurate medical image segmentation  | 2025  | ISIC 2018, BUS-BRA (Breast Ultrasound), Kvasir-SEG (Polyp)  | 6,243 images (2,594 ISIC 2018 + 3,049 BUS-BRA + 600 Kvasir-SEG)  | No (Fixed splits: 1,815/259/520 for ISIC 2018; 2,439/305/305 for BUS-BRA; 480/60/60 for Kvasir-SEG)  | Resizingand CLAHE (Contrast-Limited Adaptive Histogram Equalization)  | None reported  | Lesion Boundary  | N/A  | SimpleUNet (U-shaped architecture with a partial feature selection mechanism in skip connections and an ultra-lightweight design)  | New Architecture  | No (Trained from scratch)  | DSC, JI, SE, SP, ACC  | DSC: 0.9083 (ISIC 2018); DSC: 0.9329 (Kvasir-SEG)  | Yes  | While ultra-lightweight, performance on extremely complex or low-contrast boundaries can still be improved compared to much larger models  | Validating the model on more diverse 3D medical datasets and real-world clinical environments  | 10
Skin cancer classification via convolutional neural networks: systematic review of studies involving human experts | 2021 | Multiple (Systematic review of 19 reader studies including ISIC image archive, HAM10000, and various clinical/hospital datasets)  | N/A (Survey paper; reviewed studies involve thousands of images across dermoscopic, clinical, and histopathological types)  | No (Reviews studies addressing class imbalances via specific metrics like sensitivity and specificity)  | N/A (Survey paper; notes that most reviewed studies rely on single images of suspicious lesions)  | N/A (Survey paper; discusses standard supervised learning training for CNNs)  | Both (Reviews studies on lesion classification and digitised histopathological whole slide images)  | Both (Binary: Melanoma vs. Nevus/Benign; Multi-class: Up to 134 disease categories)  | Convolutional Neural Networks (CNNs) and CNN ensembles  | Standard (Systematic review and meta-analysis of existing reader studies)  | Yes (Reviews multiple studies utilizing fine-tuning and transfer learning)  | Accuracy, Sensitivity, and Specificity  | Superior or equivalent performance of CNNs compared to clinicians in all 19 included studies  | Yes (Systematically compares AI results with human experts across all reviewed studies)  | Studies conducted in highly artificial settings (single images); test sets often lack OOD data and diversity of skin types/melanoma subtypes  | Truly prospective studies involving real-life face-to-face patient examinations; providing CNNs with additional metadata and clinical context  | 10
Skin Cancer Classification With Deep Learning: A Systematic Review  | 2022  | PH², MED-NODE, HAM10000, Derm7pt, BCN20000, ISIC Archive  | >13,000 (ISIC Archive); 10,015 (HAM10000); 20,000 (BCN20000)  | Yes (SMOTE, class-weighted loss, focal loss, GAN-based synthetic data)  | Artifact/noise removal (hair removal), image contrast enhancement, and ROI cropping  | Rotation, padding, rescaling, flipping, translation, GANs (DCGAN, PGGAN, Style-based GAN)  | Lesion Boundary  | Both (Binary: Malignant/Benign; Multi-class: Up to 134 categories)  | VGGNet, GoogLeNet, ResNet, Inception-v3, DenseNet, MobileNet, SqueezeNet, EfficientNet, ViT  | Ensemble, Transfer Learning, Knowledge Distillation, Pruning, Transformer-based architectures  | Yes (Pre-trained on ImageNet)  | Accuracy, AUC, Sensitivity, Specificity, F1-score, Precision, IoU, Dice  | Accuracy: 99.29% (GoogleNet on MED-NODE); Accuracy: 98.4% (Pre-trained Inception v3 on PH²)  | Yes (Reviews and compares performance across multiple studies and SOTA models)  | Data imbalance, limited labeled data, cross-domain shift (generalization), and model efficiency/computational cost  | Structured, lightweight (pruning, distillation), and multimodal (fusing image and metadata) approaches  | 10
Skin Cancer Detection: A Review Using Deep Learning Techniques  | 2021  | HAM10000, PH2, ISIC Archive, DermQuest, DermIS, Atlas Derm, Dermnet  | >88,000 (Aggregate across listed datasets)  | No (Unbalanced datasets noted as a major challenge)  | Data cleaning, Hair removal, Noise removal, Contrast enhancement, Resizing  | Augmentation (Lighting and scale transformation), GANs (DCGAN, CGAN, SRGAN, LPGAN)  | Lesion Boundary (Edge based, Region based, Morphological, Active-contours, Histogram thresholds)  | Both (Binary: Melanoma vs. Benign; Multi-class: BCC, SCC, SK, AK, IC, etc.)  | ANN, CNN (AlexNet, ResNet, VGG, GoogleNet, Inception), KNN (Self-Organizing Map), GAN  | Standard (Systematic Review of existing literature)  | Yes (Extensive review of transfer learning from ImageNet)  | Accuracy, Specificity, Sensitivity, AUC, ROC, Jaccard Index, Dice Coefficient, F1-score  | Accuracy: 98.3% (KNN); Accuracy: 97.51% (ANN); AUC: 0.99 (CNN)  | Yes (Systematic comparison of various study results)  | Extensive training requirements, Small interclass variation, Unbalanced datasets, Lack of dark-skinned image data, Hardware limitations  | Full-body photography, Auto-organization (unsupervised learning), Inclusion of genetic/environmental risk factors, Optimization via metaheuristic algorithms  | 10
Skin Cancer Detection Using Combined Decision of Deep Learners | 2022 | ISIC 2019  | 5,800 images (3,000 malignant and 2,800 benign)  | Yes (Malignant images were limited to 2,800 to match the number of benign images and avoid algorithmic bias)  | Resizing | N/A | N/A | Binary (Malignant vs. Benign)  | Ensemble of VGG16, CapsNet, and ResNet  | Ensemble (Combined decision of three deep learners using majority weighting)  | No (Models were developed/trained on the training dataset)  | Accuracy, Sensitivity, Specificity, F-Score, False-positive, and Precision  | Accuracy: 93.5%  | Yes (Compared against individual learners and state-of-the-art methods)  | Limited performance of individual learners on sensitive issues; limited medical data availability for deep learning training  | Studying the achievement of reinforcement learning-based techniques for skin cancer detection  | 10
Skin cancer detection: Applying a deep learning based model driven architecture in the cloud for classifying dermal cell images | 2020 | HAM10000  | >10,000 images  | No (Specifically notes that non-parametric solutions like deep learning do not rely on normal data distribution)  | Data preparation involving cleaning and formatting using IrfanView for bulk naming and image customization  | N/A | N/A | Both (Binary and multi-class classification)  | Convolutional Neural Network (CNN) architectures, including ResNet50, SqueezeNet, DenseNet201, and InceptionV3  | Model-Driven Architecture (Utilizes Deep Learning Studio for "plug and play" model development without programming knowledge)  | Yes (Uses pre-trained networks for several tested models)  | AUC (Area Under the Curve), Sensitivity, Specificity, Precision, and F1-Score  | AUC: 99.77% (using SqueezeNet)  | Yes (Results compared against existing state-of-the-art findings)  | Diagnosis is subjective and clinician-dependent; scarcity of skilled dermatologists in public healthcare  | Deploying the model as a REST API and developing enterprise-level applications  | 10
Skin cancer diagnosis based on deep transfer learning and sparrow search algorithm | 2023 | ISIC 2019 and 2020 Melanoma, HAM10000, PH2, Skin diseases image dataset, and Skin cancer segmentation and classification | 69,148 images total (ISIC 2019/20: 36,780; HAM10000: 10,015; Skin diseases: 27,153; PH2: 200; Segmentation/Classification: 10,015)  | Yes (Data balancing applied before training using various data augmentation techniques to ensure even distribution across categories)  | Resizingand scaling (Standardization, Normalization, Min-Max, and Max-Absolute)  | Flipping (Horizontal/Vertical), Rotation, Shifting (Width/Height), Shearing, Zooming, Cropping, Color change, and Brightness change  | Both (Focuses on segmenting the tumor portion followed by multi-class classification)  | Both (2-class: Melanoma vs. NotMelanoma/Nevus; 10-class: Atopic Dermatitis, Basal Cell Carcinoma, Benign Keratosis, Eczema, Melanocytic Nevi, Melanoma, Psoriasis, Seborrheic Keratoses, Tinea, and Warts)  | 8 pre-trained CNNs for classification (e.g., MobileNet, VGG, NASNet) and 5 U-Net variants for segmentation (U-Net, U-Net++, Attention U-Net, V-Net, Swin U-Net)  | New Architecture (Threshold-based automatic approach using Sparrow Search Algorithm (SpaSA) for hyperparameter optimization of CNN and U-Net models)  | Yes (Pre-trained models like MobileNet, VGG16/19, and NASNet used with ImageNet weights)  | Accuracy, F1-score, AUC, IoU, Dice, Precision, Sensitivity, Specificity, Hinge, and Squared Hinge  | Segmentation (PH2): 94.75% (Attention U-Net with DenseNet201); Classification (HAM10000): 98.83% (MobileNet)  | Yes (Compared with 13 prior related studies, outperforming many of them)  | Training is time-consuming due to high-dimensional features; only 8 CNN and 5 U-Net architectures were evaluated  | Evaluating the system with additional available datasets and further enhancing the performance of the segmentation phase  | 10
Skin cancer diagnosis based on optimized convolutional neural network | 2020 | Dermquest and DermIS | Over 22,000 images in Dermquest; DermIS is noted as the largest online atlas (specific count not detailed) | No (80% training and 20% testing split used) | Dividing images into superpixels and resizing for input to $28\times28$ pixels | N/A | Lesion Boundary (Segmenting lesions from background) | Binary (Background vs. Cancerous region) | Optimized Convolutional Neural Network (CNN) | New Architecture (Ordinary CNN optimized using an improved Whale Optimization Algorithm (WOA) based on Lévy flight) | No (The optimization algorithm is used for optimal selection of weights and biases to minimize error) | Specificity, Accuracy, Sensitivity, NPV, and PPV | Accuracy: Not explicitly numerical in text, but illustrated as superior to AlexNet, VGG-16, and ResNet in comparative analysis | Yes (Outperformed 10 different methods including AlexNet, ResNet, VGG-16, and Inception-v3) | Gradient descent-based ordinary CNNs can get stuck in local minima; the proposed WOA-CNN aims to overcome this but requires specific parameter constraints | Increasing the utilization of image processing and machine vision for earlier detection and simpler diagnosis for specialists | 10
Skin Cancer Disease Detection Using Transfer Learning Technique | 2022 | ISIC 2020 and ISIC 2019  | 33,126 images (ISIC 2020); augmented to 11,670 images per class for balanced training  | Yes (Class imbalance handled via data augmentation and including additional melanoma images from the ISIC 2019 archive)  | Resizing | Rescaling, width shift, rotation ($25^{\circ}$), shear range ($20^{\circ}$), horizontal flip, zoom range (0.2), brightness transformation, and channel shift |N/A | Binary (Malignant/Melanoma vs. Benign)  | MobileNetV2  | New Architecture (Utilizes a novel deep transfer learning model based on MobileNetV2 with depthwise separable convolutions and inverted residuals)  | Yes (Pre-trained on ImageNet)  | Accuracy, F1-score, Precision, Recall, and AUC Score/ROC Curve  | Average Accuracy: 98.2%; Leader Board Accuracy: 98.04%  | Yes (Outperformed several state-of-the-art models including CNN-based CMLD, ANN, and ensemble models)  | Limited training data can lead to overfitting; original dataset was highly imbalanced (less than 2% malignant)  | Validating the model on a series of skin cancer images from patients in Pakistan  | 10
Skin disease detection and segmentation using dynamic graph cut algorithm and classification through Naive Bayes classifier | 2020 | ISIC 2017  | 23,906 images total for training and testing  | No (Shuffling and k-fold cross-validation used to estimate model efficiency)  | Image smoothing (Gaussian filter), color conversion (RGB to HSV), and shading effects attenuation  | N/A | Lesion Boundary (Dynamic graph cut algorithm for segmenting affected regions)  | Both (Binary: Healthy vs. Lesion; Multi-class: Eczema, Psoriasis, Vitiligo, Melanoma, Carcinoma, and Blue Nevus)  | Dynamic graph cut algorithm for segmentation and Naive Bayes for classification  | New Architecture (Novel dynamic graph cut algorithm that updates seeds over iterations)  | No (The Naive Bayes classifier is trained on features extracted from the segmented regions)  | Sensitivity, Specificity, and Accuracy  | Accuracy: 94.3% (Benign); 91.2% (Melanoma); 92.9% (Keratosis)  | Yes (Outperformed FCN and SegNet by 6.5% and 8.7% respectively)  | Traditional graph algorithms may fail to detect long-range cues or capture fine texture details  | Experimenting with different color models and extending the algorithm to other practical applications  | 10
Skin disease diagnosis with deep learning: A review  | 2021  | PH2, ISIC, HAM10000, IAD, MED-NODE, Dermnet, Dermofit Image Library, Hallym, AtlasDerm, Danderm, Derm101, 7-point criteria evaluation dataset, SD-198, DermIS, MoleMap, Asan dataset, The Cancer Genome Atlas  | >102,451 (MoleMap)  | No (Method: Weighted loss functions, GAN-based augmentation mentioned as solutions)  | Cropping, Resizing, Channel-wise mean intensity normalization, Hair removal (Thresholding, Morphological, Deep learning)  | Geometric (Flip, Crop, Translation, Rotation), Color space augmentation, Kernel filters, Mixing images, Random erasing, GANs, Neural style transfer  | Both (Lesion Boundary and 7-point Checklist Attributes)  | Both (Binary: Benign vs Malignant; Multi-class: 3-way to 198 categories)  | CNN (VGG, ResNet, GoogLeNet, Inception, DenseNet), U-Net, FCN, GAN, RNN (LSTM), R-CNN, YOLO  | Ensemble, Transfer Learning, Multi-task Learning, GANs  | Yes (Pretrained on ImageNet or related skin tasks)  | IoU, Dice, Jaccard, Accuracy, Sensitivity, Specificity, AUC, Precision, F1-score  | ACC: 98.7% (Segmentation), AUC: 0.98 (Classification)  | Yes  | Limited labeled data, Class imbalance, Noisy/Heterogeneous sources, Lack of skin tone diversity, Missing patient meta-data, "Black Box" opaqueness  | Integrating meta-data/NLP, Fusing handcrafted and deep features, GANs for synthesis, Semi-supervised learning, Reinforcement learning, Explainable AI (ABCDE criteria)  | 10
Skin Lesion Analysis towards Melanoma Detection Using Deep Learning Network | 2018  | ISIC 2017  | 2000  | Balanced (Method: Images rotated at specific angles for each class: Melanoma (18°), Seborrheic Keratosis (18°), and Nevus (45°))  | Center cropping (0.8 of image height) and proportional resizing to ~300x300 and ~500x500  | Geometric (Rotation, Random flipping along x or y-axis)  | Both (Lesion Boundary and Attributes: Pigment Network, Negative Network, Streaks, and Milia-like Cysts)  | Multi-class (Melanoma vs. Seborrheic Keratosis vs. Nevus)  | FCRN-88 (with Residual-in-Residual modules) and a 12-layer CNN for feature extraction  | Ensemble (two FCRNs trained on different augmentation sets) and New Architecture (RiR module and Lesion Index Calculation Unit)  | No (FCRNs were extension of previous HEp-2 work; LFN trained from scratch on ISIC patches)  | JA, AC, DC, SE, SP, AUC, AP  | AUC: 0.912 (Classification); JA: 0.753 (Segmentation)  | Yes  | High computational cost of high-resolution images and potential "mirroring" operation fooling deeper networks (overfitting)  | Converting feature extraction to benchmark research for subsequent related work  | 10
Skin Lesion Classification Using Convolutional Neural Network with Novel Regularizer | 2021 | HAM10000 | 10,015 | No (Method: Data augmentation was used to address the imbalance of classes) | Resizing to $224 \times 224$ pixels and pixel value normalization to the range [0, 1] | Geometric (Rotation, Horizontal/Vertical flips, Zooming, Shearing) | N/A | Multi-class (Melanoma, Melanocytic nevi, Basal cell carcinoma, Actinic keratoses, Benign keratosis-like lesions, Dermatofibroma, Vascular lesions) | ResNet50 | Standard (Enhanced with a novel "Correlation-based Regularizer") | Yes [ImageNet] | ACC Precision, Recall, F1-score | ACC: 86.3% | Yes | High computational cost for training deep networks and susceptibility to overfitting due to limited medical datasets | Exploring the fusion of handcrafted features with deep features to improve performance | 9
Skin lesion classification with ensembles of deep convolutional neural networks | 2018 | ISIC 2017 | 2,750 (2,000 training, 150 validation, 600 test) | No (The dataset is highly imbalanced; the author addresses this by investigating different fusion strategies rather than simple re-balancing) | Resizing to fit the input requirements of different architectures (e.g., $224 \times 224$ or $299 \times 299$) | None reported (The study focuses on the impact of ensembling existing models without specific reported augmentation) | N/A | Multi-class (Melanoma, Nevus, Seborrheic Keratosis) | VGG16, VGG19, Inception-v3, ResNet50 | Ensemble (Investigates different fusion strategies for classification layer outputs) | Yes [ImageNet] | ACC, AUC | AUC: 0.891 (for the best-performing ensemble strategy) | Yes | Data scarcity (Deep learning requires thousands of labeled images per class, which is often unavailable in medical fields) | Improving individual model accuracies through the creation of weighted frameworks and different fusion strategies | 9
Skin Lesion Segmentation and Multiclass Classification Using Deep Learning Features and Improved Moth Flame Optimization | 2021 | ISBI 2016, ISBI 2017, ISIC 2018, PH2 (Segmentation); HAM10000 (Classification) | 16,638 | No (Method: Data augmentation via right/left flips and transposition used to balance classes) | Local color-controlled histogram intensity values (LCcHIV) for contrast stretching | Geometric (Right flip, Left flip, Transposition) | Lesion Boundary | Multi-class (AKIEC, BCC, BKL, DF, NV, MEL, VASC) | Custom 10-layer CNN (Saliency), ResNet101, DenseNet201 (Feature Extraction) | Ensemble (Feature fusion via MMCA) and New Architecture (Custom Saliency CNN and Improved Moth Flame Optimization for feature selection) | Yes [ImageNet] | ACC, Sensitivity, FNR, Error Rate, Dice, Jaccard | ACC: 98.70% (Segmentation on PH2); ACC: 90.67% (Classification on HAM10000) | Yes | High computational time for processing and the risk of deep models training on irrelevant image features | Extending segmentation techniques to avoid irrelevant features and addressing computational constraints | 10
Skin Lesion Segmentation Based on Vision Transformers and Convolutional Neural Networks—A Comparative Study | 2022  | ISIC 2018  | 3,594 (2,594 training and 1,000 testing images)  | N/A (Dataset balance not explicitly addressed; images resized to 512x512 as a pre-processing step)  | Resizing (Uniform dimension of 512x512)  | None reported  | Lesion Boundary  | N/A (Study focuses exclusively on binary segmentation task)  | U-Net, V-Net, Attention U-Net, TransUNet, Swin-UNet  | Ensemble (Hybrid TransUNet combining Transformer and CNN architectures)  | No (Architectures were modified for binary skin lesion segmentation from their original multi-organ or 3D implementations)  | IoU, Dice Coeff, Precision, Recall, Accuracy  | ACC: 92.11% (TransUNet on test set)  | Yes  | Hybrid architectures require significantly more training and inference time compared to standard U-Net or V-Net models  | Combining segmentation with classification to identify the possible progression of lesions  | 10
Skin lesion segmentation in dermoscopy images via deep full resolution convolutional networks | 2018 | ISBI 2017 Challenge, PH2  | 2,950 (2,750 from ISBI 2017; 200 from PH2)  | No (Addressing inequality through percentages of existence in final indices)  | Resizingusing bilinear interpolation; Conversion to HSV color space  | Geometric| Lesion Boundary  | N/A (Focuses exclusively on binary segmentation task)  | FrCN (Full Resolution Convolutional Network, inspired by VGG-16)  | New Architecture (Elimination of all subsampling layers to learn full-resolution features)  | Yes [VGG-16 weights pre-trained on ImageNet]  | SEN, SPE, DIC, JAC, ACC, MCC, AUC  | JAC: 77.11%, ACC: 94.03% (ISBI 2017 overall); JAC: 84.79%, ACC: 95.08% (PH2 overall)  | Yes  | Requires high computational resources (memory) for original large image sizes; sensitivity still needs enhancement  | Utilizing original image sizes without resizing in FrCN; developing a CAD system for multi-class classification  | 10
Skin lesion segmentation using high-resolution convolutional neural network | 2020 | ISBI 2016, ISBI 2017, PH2 | 3,100 (2,000 training, 150 validation, 600 test from ISBI 2017; 350 test from ISBI 2016) 1111 | Method: Weighted binary cross-entropy loss function (hyperparameter $W_t = 0.75$) to prioritize lesion pixels 2222 | Resizing| Geometric (Rotation at 90°, 180°, 270°; Horizontal/Vertical flips)  | Lesion Boundary  | N/A  | CNN with High-Resolution Feature Blocks (HRFB)  | New Architecture (HRFB with three branches: main, spatial attention, and channel-wise attention)  | No (Trained from scratch using Adam optimization)  | JA, DI, AC, SE, SP  | JA: 0.783 (ISBI 2017); JA: 0.858 (ISBI 2016); JA: 0.857 (PH2)  | Yes  | Sensitivity still needs enhancement; limited training dataset size for high confidence  | Investigating semantic segmentation for other medical images and exploring new attention mechanisms  | 10
Skin lesion segmentation via generative adversarial networks with dual discriminators | 2020 | ISIC 2017, ISIC 2016, ISIC 2018  | 5,347 (2,750 from ISIC 2017; 1,279 from ISIC 2016; 1,318 from ISIC 2018)  | Method: Adversarial Learning (GANs automatically learn characteristics in an unsupervised manner to mitigate limited training data)  | Cropping (removal of black surrounding areas); Resizing| Geometric (Flip along x and y-axis; Rotations at 90°, 180°, and 270°)  | Lesion Boundary  | N/A  | DAGAN (Dual Adversarial GAN) featuring UNet-SCDC (Skip Connection and Dense Convolution U-Net)  | New Architecture (Dual discriminators for boundary and contextual analysis; Dense dilated convolution blocks for fine-grained feature preservation)  | No (Trained from scratch using Adam optimizer)  | Acc, Sen, Spec, JI, DC  | JI: 0.771 (ISIC 2017); JI: 0.871 (ISIC 2016); JI: 0.824 (ISIC 2018)  | Yes  | Failure cases in images with extremely low contrast, ambiguous boundaries, and artificial noise  | Transfer learning to boost recognition in low-contrast cases; extending model to other medical segmentation tasks  | 10
Skin Lesions Classification Into Eight Classes for ISIC 2019 Using Deep Convolutional Neural Network and Transfer Learning | 2020 | ISIC 2019 | 25,331 | No (Method: Data augmentation used to increase the number of images in minority classes to match the majority class) | Resizingand subtractive mean RGB normalization | Geometric (Rotation at 90°, 180°, and 270°; Horizontal and Vertical flipping) | N/A | Multi-class (Melanoma, Melanocytic nevus, Basal cell carcinoma, Actinic keratosis, Benign keratosis, Dermatofibroma, Vascular lesion, Squamous cell carcinoma) | GoogLeNet | Transfer Learning (Fine-tuning a pre-trained model) | Yes [ImageNet] | ACC, Precision, Recall, F1-score | ACC: 94.92% | Yes | High similarity between different types of skin lesions can still lead to inaccurate diagnosis; high computational requirements for training | Investigating other pre-trained models and deep architectures to further improve classification accuracy | 10
Skin-CAD: Explainable deep learning classification of skin cancer from dermoscopic images by feature selection of dual high-level CNNs features and transfer learning  | 2024  | ISIC 2018 (Task 3)  | 10,015  | No (Method: Synthetic Minority Over-sampling Technique (SMOTE) applied after feature extraction to balance the feature space)  | Resizing| None reported (Focused on feature-level manipulation)  | N/A  | Multi-class (Melanoma, Melanocytic Nevus, Basal Cell Carcinoma, Actinic Keratosis, Benign Keratosis, Dermatofibroma, Vascular Lesion)  | Dual-branch CNN: ResNet-50 and Xception  | New Architecture/Ensemble (Hybrid feature fusion and selection framework)  | Yes [ImageNet]  | ACC, Sen, Spec, Prec, F1, AUC, MCC  | ACC: 99.1% (with SMOTE and PCA feature selection)  | Yes  | High dimensionality of fused features requiring significant reduction; model explainability remains a general challenge in deep learning  | Exploring other fusion strategies and testing the framework on larger, more diverse dermatological datasets beyond ISIC  | 10
Skin-Net: a novel deep residual network for skin lesions classification using multilevel feature extraction and cross-channel correlation with detection of outlier  | 2023  | ISIC-2019 and ISIC-2020 (SIIM-ISIC Melanoma Classification challenge)  | 58,457 (25,331 from ISIC-2019 and 33,126 from ISIC-2020)  | No; addressed by converting dataset to image and weights vector (bootstrap sampling with replacement)  | Resizing| Random rotation (0-360°), vertical and horizontal flips, and vertical and horizontal shifts (applied only to minority classes in ISIC-2019)  | N/A  | Both; Multi-class (9 classes for ISIC-2019 including outliers; 7 classes for ISIC-2020)  | Skin-Net (54-layer Residual Deep Convolutional Neural Network with cross-channel correlation)  | New Architecture  | No (randomly initialized parameters)  | Accuracy, Sensitivity, Specificity, Precision, F-score, Confusion Matrix, and ROC  | ISIC-2020: Accuracy 99.05%, Specificity 99.42%, Sensitivity 96.57%  | Yes  | High computational expense (not lightweight), unsuitable for microdevices or memory-limited hardware, and currently tested only on skin lesions  | Generalizing the model for different classification tasks beyond skin lesions and identifying various other malignancies  | 9
SkinSAM: Empowering Skin Cancer Segmentation with Segment Anything Model | 2023 | HAM10000 | 10,015 | No; classes mentioned but no specific balancing method for segmentation reported | Image normalization and resizing| Random select a point within the mask; bounding box defined as mask dimensions plus 20 pixels, randomly shifted up to 30 pixels and scaled by up to 10% | Lesion Boundary | Multi-class (7 classes: MEL, NV, BCC, AKIEC, BKL, DF, VASC) | Vision Transformer (ViT-Base, ViT-Large, ViT-Huge) backbones for Segment Anything Model (SAM) | New Architecture (Finetuned SAM) | Yes [Source: Segment Anything Model (SAM) pre-trained on SA-1B] | Mean Pixel Accuracy, Mean Dice Score, Mean IoU | ViT_b_finetuned: Mean Pixel Accuracy: 0.945, Mean Dice: 0.8879, Mean IoU: 0.7843 | No (primarily compared variants of SAM) | Limited to 2D surface representation; lacks 3D structural information; heavy reliance on prompts for high performance; limited computational resources for finetuning larger models | Adapting SAM for 3D medical image segmentation; finetuning larger backbones like ViT_h; exploring SAM as a tool for generating ground truth labels | 9
NC_Net: Skin Cancer Detection by Integrating Handcrafted and Deep Learning-Based Features Using Dermoscopy Images  | 2024  | ISIC 2019 (comprising MSK, HAM10000, and BCN_20000 datasets)  | 25,331 images total in dataset; 4,550 images used in the specific study subset  | No (Initially imbalanced); SMOTE Tomek used for up-sampling  | Hair and artifact removal (Black-hat transformation, binary thresholding), resizing, and data normalization  | SMOTE Tomek (Synthetic sample generation)  | N/A (Segmentation explicitly not performed to avoid losing valuable boundary/texture information)  | Multi-class (AKs, BCCa, SCCa, BKs, DFa, MNi, MELa, VASn)  | Inception V3 (feature extraction), Handcrafted features (Color histograms, GLCM, ORB, Zernike moments), and a custom CNN (classification)  | Feature Fusion (Integrating Handcrafted and Deep Learning features)  | Yes (Inception V3 pre-trained on ImageNet)  | Accuracy, Precision, Recall, F1 score, AUC, ROC  | Accuracy: 97.81%; Precision: 98.31%; Recall: 97.89%; F1 Score: 98.10%; AUC: 99.67%  | Yes (Compared against EfficientNetB0, MobileNetV2, DenseNet-121, ResNet-101, and six SOTA classifiers)  | High class imbalance in original dataset; reliance on public data; lack of evaluation on real-world/camera-captured images  | Testing on camera-captured images and incorporating federated learning  | 9
SSD-KD: A self-supervised diverse knowledge distillation method for lightweight skin lesion classification using dermoscopic images  | 2023  | ISIC 2019 (Public)  | 25,331  | No; addressed using Weighted Cross Entropy loss  | Resizing| Horizontal and vertical flips, adjustments in brightness, contrast, and saturation, image scaling, and random noise  | N/A  | Multi-class (MM, MN, BCC, AK, BKL, DF, VASC, SCC)  | ResNet50 (Teacher), MobileNetV2 (Student), EfficientNetB7 (Teacher), EfficientNetB0 (Student)  | Knowledge Distillation (SSD-KD)  | Yes (ImageNet)  | ACC, BACC, mAP, AUC  | ACC: 86.6%, BACC: 85.8%, mAP: 0.808 (using EfficientNetB7/B0 pair)  | Yes  | Improvement from adding different modules to BLKD was not very obvious; relied on fixed hyperparameters rather than exhaustive fine-tuning for all modules  | Incorporate Transformer architectures, multi-teacher KD, and teaching assistant mechanisms; apply to other medical imaging scenarios  | 10
State-of-the-art machine learning techniques for melanoma skin cancer detection and classification: a comprehensive review | 2023 | ISIC (2016, 2017, 2018), HAM10000, PH2, MED-NODE/UMCG, Dermofit, DermIS, Dermquest | 1,279 (ISIC 2016); 11,527 (ISIC 2018); 170 (MED-NODE); 1,300 (Dermofit); 200 (PH2)  | No (Balanced datasets are noted as a challenge/requirement)  | Hair removal, shade removal, glare removal, noise reduction (filters), grayscale conversion, illumination correction  | Rotation, Flip, GANs (synthetic images mentioned as future scope/technique)  | Lesion Boundary  | Both (Binary: Benign/Malignant; Multi-class: 3 to 10 classes)  | CNN (AlexNet, VGG16, ResNet152, DenseNet, GoogleNet), SVM, KNN, U-Net  | Review of standard and hybrid methods (e.g., CNN for feature extraction with KNN/SVM classifiers)  | Yes (AlexNet, VGG16, ResNet152, DenseNet)  | Accuracy, Sensitivity (Recall), Specificity, Precision, F1-Score  | Accuracy: 98.84% (KNN on ISIC 2018), 98% (CNN on ISBI 2016), 97.8% (SVM on ISIC)  | Yes  | "Black-box" nature (lack of interpretability), limited dataset diversity (racial/age bias), computational costs for large datasets, performance gap between closed systems and real-life settings  | Use of GANs for synthetic data, cloud/IoT-based real-time monitoring, multi-model ensemble architectures, fine-tuning hyperparameters on larger/racially diverse datasets  | 9
Step-wise integration of deep class-specific learning for dermoscopic image segmentation | 2019 | ISBI 2017, ISBI 2016, PH2 (Public) | 4,079 | No; addressed using class-specific models (DCL) and probability based step-wise integration | Resizing (maximum 1000 pixels on longest axis, preserving aspect ratio) | Random cropping and flipping | Lesion Boundary | Binary (Melanoma vs. Non-melanoma) | ResFCN (ResNet101 backbone with RefineNet modules), ResCNN | New Architecture (DCL-PSI) | Yes (ImageNet) | DSC, Jac., Sen., Spec., Acc. | DSC: 92.10%, Jac: 85.90% (on PH2) | Yes | Small training dataset for melanoma studies limited learning of subtle variations | Automatic skin lesion monitoring/tracking over image sequences; adaptation to CT lung segmentation | 10
Superior skin cancer classification by the combination of human and artificial intelligence  | 2019  | ISIC archive; HAM10000  | 11,444  | No; class n down-sampled by 2, others up-sampled by 3  | Data set cleaning (one image per lesion)  | Up-sampling (data augmentation)  | N/A  | Both; Binary (Benign vs. Malignant) and Multi-class (Actinic keratosis/Bowen's/SCC; BCC; Benign keratosis; Nevi; Melanoma)  | ResNet50; XGBoost (for fusion)  | Ensemble (Human-AI Fusion)  | Yes (ResNet50 mentioned as standard for skin lesion classification)  | ACC, Sensitivity, Specificity  | ACC: 82.95% (Multi-class), Sensitivity: 89% (Binary)  | Yes (CNN outperformed 112 dermatologists; Fusion outperformed individual classifiers)  | Use of only biopsy-verified images (bias); anonymity of survey; decisions based on single images without clinical context; lack of entirely external test set  | Applying human-AI fusion to prospective assessment of oncologic transformation and other medical domains  | 9
Systematic outperformance of 112 dermatologists in multiclass skin cancer image classification by convolutional neural networks | 2019  | ISIC archive; HAM10000  | 11,444  | No; nv downsampled by 2, others upsampled by 3  | Duplicates removed by lesion ID  | Data augmentation (upsampling)  | N/A | Both; Binary (Benign vs. Malignant) and Multi-class (akiec, bcc, bkl, nv, mel)  | ResNet50  | Standard  | Yes (ResNet50 based on previous experience)  | Sensitivity, Specificity, AUC, McNemar tests  | Multi-class Sensitivity: 56.5% (Dermatologists) vs 98.8% Specificity (CNN at equal sensitivity); Binary AUC: 0.928  | Yes (CNN significantly outperformed dermatologists across most categories)  | Biopsy-verified image bias (presumably difficult lesions); anonymity risk; decision based on single images without clinical context  | Integration of additional clinical information (palpation, age, family history) into machine learning models  | 9
Techniques and algorithms for computer aided diagnosis of pigmented skin lesions—A review | 2018 | Public: ISIC Archive (2016/2017 ISBI Challenge), PH2, Dermatology Atlas, Dermnet, Danderm, EDRA, Dermofit, Dermquest, Dermis | Mentioned up to 23,000 (Dermnet)  | Yes (Method used: random selection of minority class instances with equal majority class instances)  | Hair removal (Dull Razor, Eshaver), Resizing, Masking, Filtering (Median, Anisotropic, Gabor), Color space conversion (CIELab, HSV), Illumination correction  | Rotation, Cropping, Upsampling  | Both  | Both (Binary: Malignant/Benign; Multi-class: Melanoma/Nevus/Seborrheic keratosis)  | GoogleNet Inception V3, ResNet50, VGG-16, AlexNet, FCRN, U-Net  | Ensemble (CNN ensembles), Transfer Learning  | Yes (ImageNet)  | ACC, Sensitivity (SE), Specificity (SP), Jaccard Index (JI), Dice, AUC, XOR Error, FPR  | ACC: 95.3% (Segmentation), 91.6% (Feature detection), 85.5% (Classification)  | Yes  | Limited availability of annotated datasets for evolution/elevation; artifacts and poor contrast causing segmentation errors; vanishing gradients in deep networks; inter-observer variability  | Explore lesion elevation and evolution features; develop publicly available annotated datasets for 3D/temporal analysis; investigate decorrelated color spaces for segmentation; fusion of geometrical and dermoscopic features  | 10
The development of a skin cancer classification system for pigmented skin lesions using deep learning  | 2016  | Public: Dermatology Atlas, Dermnet, and ISIC Archive  | 1,300 images (approx. 500 for training, 800 for testing)  | No; minority classes (Melanoma, BCC) were balanced with majority classes (Nevi) during training  | Hair removal (Dull Razor), median filtering, and color space conversion (CIE Luv*)  | Rotation, flipping, and zooming  | Lesion Boundary (using active contours/snakes and thresholding)  | Both; Binary (Malignant vs. Benign) and Multi-class (Melanoma, Nevus, BCC, SK, and others)  | Artificial Neural Networks (ANN), Deep Convolutional Neural Networks (DCNN), and ANFIS  | Transfer Learning and Ensemble  | Yes (ImageNet and GoogleNet)  | ACC, Sensitivity, Specificity, and AUC  | ACC: 93.6% (using ANN)  | Yes (compared against dermatologists and standard SVM)  | Limited datasets for rare diseases; potential for over-fitting with small training samples; computational cost of large networks  | Integration of clinical data (age, history); 3D imaging for lesion thickness; and deployment as smartphone applications  | 9
The effect of choosing optimizer algorithms to improve computer vision tasks: a comparative study  | 2016 | Public: ISIC Archive  | 900 (Training), 379 (Testing)  | No reported  | Resizing, Color normalization  | Rotation, Flip  | N/A | Binary (Malignant vs. Benign)  | CNN (LeNet-like)  | Standard (Comparative study of optimizers)  | No  | ACC, Sensitivity, Specificity  | ACC: 85.5%  | Yes  | Small dataset size for deep learning training  | Exploring different architectures and larger datasets  | 8
The impact of patient clinical information on automated skin cancer detection  | 2020  | PAD dataset (Private dataset from the Federal University of Espírito Santo) , ImageNet (for pre-training) , ISIC (referenced for context)  | 1,612 images  | No (Imbalanced); Method: Weighted loss function and one-hot encoding for clinical data  | Removal of poor resolution/blurred images , resizing (implied by CNN use) , and Shades of Gray color constancy algorithm  | Brightness, contrast, saturation, hue, horizontal/vertical rotations, translations, re-scale, shear, Gaussian noise, and blur  | N/A  | Multi-class (ACK, BCC, MEL, NEV, SCC, SEK)  | GoogleNet, VGGNet-13, VGGNet-19, ResNet-50, ResNet-101, MobileNet  | Feature Aggregation mechanism (Feature Reducer block with Combination Factor)  | Yes (ImageNet)  | ACC, BACC, Precision, Recall, F1, AUC  | BACC: 75.0% (ResNet-50 with clinical data); AUC: 0.958  | Yes  | Confusion between SCC and BCC due to shared clinical features ; cannot handle missing clinical data ; limited to one image per lesion  | Incorporate multiple images per lesion ; include biopsy-proven images ; add out-of-distribution detection  | 9
Transfer learning using a multi-scale and multi-network ensemble for skin lesion classification | 2020 | Public (ISIC 2016, ISIC 2017, ISIC 2018/HAM10000) | 12,927 training images; 1,512 test images  | No (Heavily imbalanced); Weighted focal loss and class-weighted batching  | Grayworld color constancy, ImageNet mean subtraction, initial resizing to 450 X N', and multi-scale cropping/resizing| Random scaling, rotations, vertical/horizontal flipping, brightness/contrast shifts, adaptive histogram equalization, random cutouts, and HSV manipulations  | N/A | Multi-class (MEL, NV, BCC, AKIEC, BKL, DF, VASC)  | EfficientNetB0, EfficientNetB1, SeResNeXt-50  | MSM-CNN three-level ensemble strategy utilizing multiple scales and network architectures  | Yes (ImageNet)  | BMCA (Balanced Multi-class Accuracy/Average Recall), Precision, Accuracy, AUC  | BMCA: 86.2%; avg. PR: 91.3%; avg. AUC: 98.1%  | Yes  | High computational training time due to large number of sub-models (90); limited number of pre-trained networks explored  | Exploring additional pre-trained networks; investigating intermediate image resolutions; parallelization for clinical efficiency  | 10
Uncertainty quantification in skin cancer classification using three-way decision-based Bayesian deep learning | 2021 | Kaggle Skin Cancer dataset; ISIC 2019 dataset (subset)  | Dataset 1: 3,297 images; Dataset 2: 9,042 images  | No (Imbalanced); Method: Bayesian Optimization for hyperparameter tuning and early stopping  | Resizing| N/A | N/A | Binary (Dataset 1: Benign vs. Malignant; Dataset 2: Melanoma vs. non-Melanoma)  | ResNet152V2, MobileNetV2, DenseNet201, InceptionResNetV2  | Hybrid dynamic model (TWDBDL) based on Three-Way Decision theory and Bayesian Deep Learning  | Yes (ImageNet)  | Accuracy, F1-score, Entropy, STD, AUC  | Dataset 1: Accuracy: 88.95%, F1: 89.00%; Dataset 2: Accuracy: 90.96%, F1: 91.00%  | Yes  | Cannot improve diagnosis for all criteria across both classes; high computational cost for Deep Ensemble (DE)  | Integrate MC-DropConnect; incorporate attention-based mechanisms; study robustness against noise  | 9
Understanding skin color bias in deep learning-based skin lesion segmentation  | 2024  | PH2, Waterloo, Dermofit, ISIC 2018 (initialization only), Fitzpatrick-17k (pre-training), DDI and PAD-UFES-20 (fine-tuning)  | 1,758 (evaluation set)  | No; uses stratified sampling to address imbalance  | Dullrazor (artifact removal), CLAHE of L channel, CIELAB conversion  | Random scaling, translation, rotation, horizontal and vertical flipping  | Lesion Boundary  | N/A | U-Net with ResNet-18 encoder; VGG16 (for skin type classification)  | Standard (evaluating existing models for bias)  | Yes (Weights from ISIC 2018; VGG16 weights from ImageNet)  | DSC, HD, ASSD  | DSC: 0.904 (Light skin, in-sample)  | Yes  | Significant performance drop for dark skin; limited diversity in public datasets; simple preprocessing (stratification/CIELAB) fails to mitigate bias  | Collect diverse datasets with demographic metadata; standardize labeling guidelines; use probabilistic/fuzzy labels for gradual borders; report fairness metrics beyond mean results  | 10
Universal adversarial attacks on deep neural networks for medical image classification | 2021 | ISIC 2018 (Skin lesions), OCT (Diabetic Retinopathy), Chest X-ray (Pneumonia) | 10,015 (Skin lesions dataset total) | No; Oversampling used for skin lesion classification to account for imbalance  | Resizing to 299x299 pixels  | Random rotations (-5° to 5°), random height/width shifts (5%)  | N/A | Multi-class (MEL, NV, BCC, AKIEC, BKL, DF, VASC)  | Inception V3, VGG16, VGG19, ResNet50, Inception ResNet V2, DenseNet 121, DenseNet 169  | Transfer Learning; Adversarial Retraining for defense  | Yes [ImageNet]  | Test Accuracy, Fooling Rate (Rf), Targeted Attack Success Rate (Rs)  | Skin Lesion Test Accuracy: 87.7% (Inception V3); Fooling Rate > 90% (under attack)  | Yes (compared against healthcare professionals' equivalent performance and previous adversarial study assumptions)  | Universal Adversarial Perturbations (UAPs) are architecture-specific with limited transferability in medical imaging; adversarial retraining provides limited protection against nontargeted attacks  | Development of secure, privacy-preserving, and federated DNNs for medical imaging; evaluation of black-box adversarial attack methods  | 9
Validation of artificial intelligence prediction models for skin cancer diagnosis using dermoscopy images: the 2019 International Skin Imaging Collaboration Grand Challenge  | 2022  | HAM10000 (Vienna) , BCN20000 (Barcelona) , and test data from Turkey, New Zealand, Sweden, and Argentina  | 33,569 (25,331 training  + 8,238 test ) | No; training set was balanced by source and category , but test datasets were independent and unbalanced  | Resizing (implied by architectures like EfficientNet) ; specific preprocessing like hair removal not specified as a requirement  | Not specified (determined by individual challenge participants)  | N/A  | Both: Binary (Malignancy ) and Multi-class (Nevus, Melanoma, Benign Keratosis, Dermatofibroma, BCC, SCC, Vascular Lesion, Actinic Keratosis, and Not Trained ) | EfficientNet and ResNet ensembles (top performing models)  | Ensemble  | Yes (implied by use of state-of-the-art architectures)  | Balanced Accuracy , AUROC , sAUROC , Sensitivity  | Balanced Accuracy: 63.6% (top algorithm); 58.8% on realistic BCN20000 data  | Yes  | Poor generalizability to shifted statistical distributions , inability to identify untrained (out-of-distribution) categories , and performance degradation due to image artifacts  | Prospective dataset design, closely supervised clinical trials, and developing robust methods to identify images outside of training distributions ("failing safely")  | 10
What is AI? Applications of artificial intelligence to dermatology  | 2020  | ISIC database (Public) , ImageNet (Public) , and various private datasets cited within (e.g., Esteva et al. dataset)  | >127,463 (Esteva et al.), >20,000 (ISIC)  | No (Trade-off between sensitivity and specificity noted across various reviewed datasets)  | None reported (specific image-level steps like hair removal or resizing before the model are not detailed in this review)  | None reported  | N/A | Both: Binary (Malignant vs. Benign) and Multi-class (7 diagnoses including Melanoma, Nevus, BCC, etc.)  | GoogLeNet Inception v3, Microsoft ResNet, AlexNet  | Transfer Learning  | Yes (ImageNet)  | Sensitivity, Specificity, AUROC/AUC  | AUC: 0.96 (Carcinoma), AUC: 0.94 (Melanoma)  | Yes  | Lack of generalizability, "black box" nature (lack of explainability), bias in training datasets (rare lesions like amelanotic melanoma), and legal/liability issues  | Real-world clinical trials, developing explainable AI, focus on digitally ready workforces, and integration as a clinical decision aid rather than replacement  | 8
A Convolutional Neural Network Framework for Accurate Skin Cancer Detection  | 2020  | HAM10000  | 10,015  | No; unbalanced (7:1 ratio for nevi)  | Resizing| Horizontal/vertical flipping, random rotations [-90, 90]  | N/A  | Both: Binary (Nevi vs. Non-nevi); Multi-class (7 classes: akiec, bcc, bkl, df, nv, mel, vasc)  | DenseNet201, GoogLeNet, Inception-ResNetV2, Inception V3, MobileNetV2  | Transfer Learning and Hierarchical framework  | Yes [ImageNet]  | Accuracy, Precision, Recall, F-measure, Balanced Accuracy  | ACC: 96.18% (Training), 87.73% (Testing); F-measure: 0.9251 (Binary)  | Yes  | Class imbalance, high intra-class variance, and model overfitting in the hierarchical 2nd level  | Testing more networks, different hierarchies, and including specific preprocessing/probabilistic prediction techniques  | 9
A deep learning system for differential diagnosis of skin diseases  | 2020  | Private teledermatology practice data (17 sites)  | 79,720 (64,837 development + 14,883 validation)  | No; class weighting used in loss function to account for imbalance  | Resizing (459 x 459 pixels)  | Random flipping, rotating, cropping, and color perturbation  | N/A  | Multi-class (26 common conditions + "Other" category, plus a 419-class secondary prediction)  | Inception-v4  | Ensemble (6 networks) and Late Fusion (integrating images and metadata)  | Yes (ImageNet)  | Top-k accuracy (Top-1, Top-3), Top-k sensitivity, Average Overlap (AO)  | Top-1 Accuracy: 0.66 (on validation set B), Top-3 Accuracy: 0.93 (on validation set A)  | Yes (Compared against 18 board-certified dermatologists, PCPs, and NPs)  | Lack of external validation dataset; reliance on de-identified structured metadata instead of free-text notes; limited data for uncommon skin types (Fitzpatrick I, V, VI)  | Validate on full spectrum of primary care cases (including non-referred); test on more diverse devices, geographies, and skin types; assess optimal clinical implementation  | 9
A multi-class skin Cancer classification using deep convolutional neural networks  | 2020  | Public (HAM10000 dataset)  | 10,015 images  | No  | Resizing| None reported (authors opted to avoid extensive data augmentation)  | N/A  | Multi-class (Melanocytic Nevi, Melanoma, Benign Keratosis, Actinic Keratosis, Vascular Lesions, Dermatofibroma, and Basal Cell Carcinoma)  | ResNeXt101, InceptionResNetV2, InceptionV3, Xception, NASNetLarge  | Ensemble (and Transfer Learning)  | Yes (ImageNet)  | Accuracy, Recall, Precision, F1-score  | ACC: 93.20%  | Yes  | Ensemble methods increased architectural complexity and training time without significantly improving performance over well-tuned individual models.  | Inclusion of clinical images alongside dermoscopy; use of saliency object/feature detection.  | 10
A multimodal transformer to fuse images and metadata for skin disease classification | 2022 | Private dataset and ISIC 2018 (public)  | 10,775 total (760 private + 10,015 public)  | No; uses weighted cross-entropy loss to handle category imbalance  | Resizing| Random crop, random rotation, and flip  | N/A | Multi-class (skn, skd, sti, gan, sin, fdb, sdb, tdb, sch for private; bkl, mel, bcc, nv, akiec, df, vasc for public)  | Vision Transformer (NesT-B for private, ViT-L for public) with a novel Mutual Attention decoder  | New Architecture (Multimodal Transformer with Soft Label Encoder and Mutual Attention block)  | Yes (Pre-trained on ImageNet ILSVRC-2012)  | Accuracy, AUC, Sensitivity, Specificity, F1  | ACC: 93.81% (on ISIC 2018); ACC: 81.6% (on private dataset)  | Yes  | High similarities in private dataset images leading to lower accuracy in specific categories; imbalanced datasets  | Focus on image feature extraction improvements; data collection and data cleaning for skin diseases  | 10
A Survey of Feature Extraction in Dermoscopy Image Analysis of Skin Cancer | 2019 | Public (DermQuest, DermIS, ISIC, PH2, Edinburgh, HAM10000) and Private (Melano-Sheet, Hites, Graz, various clinical sets) | N/A (Review of multiple datasets across 200+ studies) | No; discusses imbalanced data as a common challenge in the field | Discusses various techniques: hair removal (DullRazor), resizing, color normalization/space conversion, and noise removal | Discusses rotation, flipping, and translation as common DCNN practices | Both (Reviews methodologies for lesion boundary and attribute segmentation like pigment networks, globules, and streaks) | Both (Binary: Malignant vs. Benign; Multi-class: Melanoma, BCC, SCC, Nevus, etc.) | Discusses DCNN architectures including ResNet, VGGNet, Inception, AlexNet, and DenseNet | Standard | Yes (ImageNet) | Accuracy (ACC), Sensitivity (SE), Specificity (SP), Area Under Curve (AUC), Dice, Jaccard | N/A (Survey paper summarizing results from multiple sources) | Yes | Highly varied results due to lack of standard performance protocols; scarcity of large-scale annotated datasets; high intra-class and low inter-class variations | Focus on larger, better-annotated public datasets; development of end-to-end deep learning systems; hybrid feature approaches | 10
ACPL: Anti-curriculum Pseudo-labelling for Semi-supervised Medical Image Classification | 2022 | Public (ISIC 2018) | 10,015  | No  | Resizing (shorter side to 256, then cropped to 224x224)  | Random crop, horizontal/vertical flip, and random rotation  | N/A | Multi-class (7 classes: mel, nv, bcc, akiec, bkl, df, vasc)  | DenseNet-121  | New Architecture (Anti-curriculum Pseudo-labelling)  | Yes (ImageNet)  | Balanced Accuracy (BACC), AUC, Precision, Recall, F1  | BACC: 0.88; AUC: 0.99  | Yes  | Performance limited by category imbalance and high visual similarity between certain classes  | Focus on cleaning data and refining image feature extraction  | 10
Advancements in skin cancer classification: a review of machine learning techniques in clinical image analysis  | 2023  | Public (ISIC, HAM10000, PH2, Med-Node, DermQuest, DermIS, DermNet, many others) and Private (various clinical sets)  | N/A (Comprehensive Review of 100+ studies)  | No; discusses data imbalance and synthetic data generation (GANs) as solutions  | Hair removal (DullRazor), resizing, noise reduction (median/Gaussian filters), color space conversion (RGB to HSV/LAB), and contrast enhancement  | Rotation, flipping, scaling, translation, cropping, and GAN-based synthetic data generation  | Both (Reviews methodologies for lesion boundary and attribute segmentation like pigment networks)  | Both (Binary: Malignant vs. Benign; Multi-class: Melanoma, BCC, SCC, Nevus, BKL, etc.)  | CNNs (VGG, ResNet, Inception, MobileNet, DenseNet), UNet (for segmentation), and GANs  | Standard (Review)  | Yes (ImageNet)  | Accuracy (ACC), Sensitivity (SE), Specificity (SP), Area Under Curve (AUC), F1-score, Precision, Jaccard Index, Dice Coefficient  | N/A (Review paper summarizing results from 2007-2022)  | Yes  | High computational complexity; limited availability of large, diverse, high-quality annotated datasets; vulnerability to noise; intra-class and inter-class similarities  | Hybrid deep learning models; multi-modal data fusion; improved segmentation via transformers; real-time mobile clinical support; GANs for data augmentation  | 10
An attention-based mechanism to combine images and metadata in deep learning models applied to skin cancer classification  | 2021  | Public (ISIC 2018/HAM10000)  | 10,015  | No ; uses random oversampling and weighted loss function  | Resizing and pixel normalization  | Horizontal and vertical flips, rotations, and shifts  | N/A  | Multi-class (7 classes: mel, nv, bcc, akiec, bkl, df, vasc)  | ResNet-50, Inception-v3, DenseNet-121, MobileNet, and Xception  | New Architecture (MetaBlock attention-based mechanism)  | Yes (ImageNet)  | Balanced Accuracy (BACC), Sensitivity, Specificity, AUC, F1-score, Precision  | BACC: 79.5% (Xception + MetaBlock)  | Yes  | Metadata fields often contain missing values ; metadata influence on classification is limited by its categorical nature  | Explore the impact of more diverse metadata features ; test on non-dermoscopic (clinical) images  | 10
An internet of health things-driven deep learning framework for detection and classification of skin cancer using transfer learning  | 2024  | Public (ISIC 2019)  | 25,331 images  | No; data imbalance was observed and addressed using a hybrid data augmentation strategy  | Resizing and pixel normalization  | Rotation, flipping (horizontal and vertical), scaling, translation, and noise injection  | N/A  | Multi-class (8 classes: Melanoma, Melanocytic nevus, Basal cell carcinoma, Actinic keratosis, Benign keratosis, Dermatofibroma, Vascular lesion, and Squamous cell carcinoma)  | MobileNet-V2, Inception-V3, and ResNet-50  | Ensemble (utilizing a Weighted Average Ensemble method)  | Yes (ImageNet)  | Accuracy, Precision, Recall, and F1-score  | Accuracy: 93.8%  | Yes  | Computational overhead of ensemble models and potential bias in the public dataset  | Integration with IoHT devices for real-time monitoring and exploring self-supervised learning  | 9
Attention Residual Learning for Skin Lesion Classification | 2019  | Public (ISIC 2017 , ISIC 2018 ) | 12,107 (2,750 from ISIC 2017 and 9,357 from ISIC 2018 ) | No; images were oversampled to balance categories  | Resizing and mean subtraction  | Random cropping and horizontal flipping  | N/A | Both; Binary (Melanoma vs. Others , Seborrheic keratosis vs. Others ) and Multi-class (7 classes: mel, nv, bcc, akiec, bkl, df, vasc ) | ResNet-50  | New Architecture (Attention Residual Learning/ARL)  | Yes (ImageNet)  | Accuracy, AUC, Average Precision, Specificity, Sensitivity  | ACC: 85.1% (ISIC 2018); AUC: 0.958 (ISIC 2017 Melanoma)  | Yes  | High visual similarity between different categories of skin lesions  | Integrate more diverse clinical information (metadata) to further improve performance  | 10
Automated Skin Lesion Segmentation via an Adaptive Dual Attention Module | 2021 | ISBI 2017 and ISIC 2018 (Public) | 12,507 total (2,750 from ISBI 2017 and 10,015 from ISIC 2018) | No; handles data imbalance using compound loss functions including Dice, Tversky, and binary cross-entropy | Resizing (to reconcile input dimensions for different models) and spatial information weighting | Integrated test-time augmentation (ITTA) | Lesion Boundary | N/A (Focused on segmentation rather than classification) | Dual encoder architecture with Adaptive Dual Attention Module (ADAM) and dense dilated convolutional U-Net | New Architecture (Adaptive Dual Attention Module - ADAM) | Yes (Evaluated using datasets that benefit from pre-trained features) | Accuracy, Recall, and Jaccard Similarity Index (JSI) | ACC: 97.5% (on ISBI 2017) and 95.92% (on ISIC 2018) | Yes (Compared against state-of-the-art deep learning models and top-ranked models in respective competitions) | Challenges in dealing with irregular boundaries and poor contrast between the lesion and background | Development of more robust computer-aided systems including clinical images as additional inputs | 10
Automatic Skin Lesion Segmentation Using Deep Fully Convolutional Networks with Jaccard Distance | 2017 | ISBI 2016 and PH2 (Public)  | 1,100 (900 from ISBI 2016 + 200 from PH2)  | No; uses a Jaccard distance-based loss function to eliminate the need for sample re-weighting  | Resizing and pixel-wise mean subtraction  | Random rotation and horizontal/vertical flipping  | Lesion Boundary  | N/A | 19-layer Deep Fully Convolutional Network (FCN) based on VGG16  | New Architecture (FCN with Jaccard distance loss)  | Yes (Pre-trained on ImageNet)  | Jaccard Index (JA), Dice Coefficient (DI), Accuracy (AC), Sensitivity (SE), and Specificity (SP)  | DI: 91.2% (on ISBI 2016); JA: 84.7% (on PH2)  | Yes  | High computational cost for high-resolution images and challenges with extremely low-contrast lesions  | Exploring deeper architectures and multi-scale feature fusion to improve boundary precision  | 10
BDFormer: Boundary-aware dual-decoder transformer for skin lesion segmentation | 2025 | Public (ISIC2018, ISIC2017, and PH²)  | 5,044 total (ISIC2018: 2,694; ISIC2017: 2,150; PH²: 200)  | No; handles data imbalance using compound loss functions including binary cross-entropy, Dice loss, and weighted cross-entropy  | Resizing | None reported  | Lesion Boundary  | N/A  | MaxViT-S backbone with Boundary-aware dual-decoder Transformer  | New Architecture (Shifted window cross-attention block, multi-task distillation, and dilated boundary loss)  | Yes (Evaluated on datasets that utilize pre-trained backbone features) | mIoU, DSC, Acc, Sen, Spe, HD95, ASSD | mIoU: 82.18% (ISIC 2018); mIoU: 81.07% (ISIC 2017); mIoU: 86.32% (PH²)  | Yes  | Performance may not be optimal for multi-class segmentation; challenges in generalizing across different datasets; high computational complexity and parameter count  | Designing auxiliary tasks with stronger generalization capabilities; ensuring multiple loss functions do not conflict during training  | 10
Bi-Directional ConvLSTM U-Net with Densley Connected Convolutions | 2019 | Public (ISIC 2018, DRIVE, Lung segmentation)  | 2,594 (for ISIC 2018)  | No; data split into 1815 training, 259 validation, and 520 testing  | Resizing | None reported for the skin dataset  | Lesion Boundary  | N/A | BCDU-Net (U-Net with Bi-directional ConvLSTM and Densely connected convolutions)  | New Architecture  | No  | F1-Score, Sensitivity, Specificity, Accuracy, PC, JS, AUC  | Accuracy: 93.74%; JS: 0.937  | Yes  | Validation accuracy varies due to distinct differences between training and validation samples  | N/A | 10
CA-Net: Comprehensive Attention Convolutional Neural Networks for Explainable Medical Image Segmentation | 2020 | Public (ISIC 2018) and Private (Fetal MRI) 111111 | 2,594 (ISIC 2018 dataset) 2 | No; handles target variations through spatial, channel, and scale attention modules 3 | Resizing ($256 \times 342$) and normalization 4 | Random cropping, horizontal/vertical flipping, and random rotation  | Lesion Boundary  | N/A | U-Net backbone with Joint Spatial Attention (Js-A), Residual Channel Attention (CA), and Scale Attention (LA) modules  | New Architecture  | No  | Dice score, Average Symmetric Surface Distance (ASSD)  | Dice: 92.08% (for skin lesion segmentation)  | Yes  | Slightly inferior performance to DeepLabv3+ in skin lesion tasks, though not significantly; dependency on data distributions similar to natural images  | Application to other image modalities (e.g., Ultrasound) and extending the method to 3D image segmentation  | 10
Classification of skin cancer from dermoscopic images using deep neural network architectures | 2022 | Public (ISIC 2019 and ISIC 2020)  | 58,457 total (33,126 training + 25,331 test)  | No; addressed using data augmentation  | Resizing| Yes (augmented dataset to overcome class imbalance)  | N/A  | Binary (Melanoma vs. Non-Melanoma)  | EfficientNet (B0 to B7 variants), DenseNet121, ResNet50, InceptionResNet V2  | Ensemble (combined image features and metadata)  | Yes (ImageNet)  | Area under the ROC curve (AUC-ROC)  | AUC: 0.9681  | Yes  | High execution time due to the complexity of the EfficientNet architecture  | Investigation into reducing computational complexity and real-time clinical deployment  | 9
Collaborative transformer U-shaped network for medical image segmentation | 2025 | Public (ISIC2016, ISIC2017, ISIC2018, Synapse, ACDC)  | 1,279 for ISIC2016; others not specified  | No; uses a combination of Cross-Entropy and Dice loss to address class imbalance  | Resizing| Random flipping and rotation  | Lesion Boundary  | N/A | ResNet50 (CNN backbone) and Swin-Transformer (global feature extraction)  | New Architecture (Collaborative mechanism in encoder and Correlation Extraction module)  | Yes (CNN and Transformer backbones)  | DSC, HD, ACC, SE, SP, BF1  | DSC: 92.18% (ISIC2016), 85.59% (ISIC2017), 88.75% (ISIC2018)  | Yes  | Limitations in boundary extraction due to noise introduction during multi-scale feature interaction; high computational demands for real-time feedback  | Exploring more lightweight models (e.g., MobileNetV3), weight pruning, and improving boundary feature extraction using attention mechanisms  | 10
Computer-aided diagnosis of skin cancer based on soft computing techniques | 2020 | Public (American Cancer Society database)  | 136 images (68 pairs of XLM and TLM images)  | No; divided into two classes (ACS1 and ACS2) and further split 75% for training and 25% for validation  | Median filtering and Resizing | None reported  | Lesion Boundary  | Binary (Cancerous and Healthy)  | CNN (optimized by Satin Bowerbird Optimization) and SVM  | New Architecture (CNN optimized by SBO for segmentation and SBO for feature selection)  | No  | Accuracy, Sensitivity, Specificity, NPV, PPV  | Accuracy: 0.95  | Yes  | System performance is influenced by the quality and quantity of images in the dataset categories  | Applying an improved model of the proposed method for breast cancer detection  | 9
Convolutional Neural Networks Using MobileNet for Skin Lesion Classification | 2019 | Public (HAM10000) | 10,015 | No; data up-sampling (random repeating) used to balance classes | Resizing | Rotation, Zooming, Width/Height Shifting, Horizontal/Vertical Flipping | N/A | Multi-class (akiec, bcc, bkl, df, nv, mel, vasc) | MobileNet | New Architecture (Modified last 5 layers of classical MobileNet) | Yes (ImageNet) | Accuracy, Specificity, Sensitivity, F1-score | Accuracy: 83.93% | No | Classical MobileNet tends to overfit; dataset imbalance required preprocessing; modified model still has potential for higher accuracy | Integration with suitable image pre-processing for other medical image types | 10
Data augmentation for improving deep learning in image classification problem | 2018 | Public (Dermofit, MoleMap, ISIC Archive, ISBI melanoma recognition challenge)  | ~47,600 total across discussed databases  | No; data augmentation and image style transfer used to address high imbalance (around 10:1 healthy to malignant)  | None reported  | Rotation, reflection, scaling (zoom in/out), shearing, histogram equalization, contrast/brightness enhancement, white-balancing, sharpening, blurring, GANs, Style Transfer  | N/A | Binary (Malignant Melanoma vs. Benign moles)  | VGG16  | New Architecture (Neural Style Transfer for medical data augmentation)  | Yes (Synthetic images used to pre-train/transfer learning)  | None reported (Methodological paper/case study)  | N/A | Yes  | Style transfer might be limited to images where structure plays an important role; GANs have high computation time and issues with perspective/counting  | Testing neural network efficiency after pre-training with synthetic images generated via style transfer  | 8
Deep Features to Classify Skin Lesions | 2016 | Public (Dermofit Image Library)  | 1300  | No; uses random split into approximately equal sets with same class distribution  | Resizing and per-image-mean normalization  | Rotation (0, 90, 270 degrees) and left-right flip  | N/A | Both (Binary: Cancer vs. Benign; Multi-class: 5-class and 10-class tasks)  | AlexNet (converted to fully-convolutional)  | Transfer Learning  | Yes (ImageNet)  | Accuracy  | Accuracy: 81.8% (10-class)  | Yes  | It is not obvious if filters learned on natural images generalize well to skin images (though experiments confirmed they do)  | N/A | 10
Deep learning based an automated skin lesion segmentation and intelligent classification model | 2020 | Public (ISIC 2017)  | 2,000 images  | No; data imbalance is addressed using synthetic data generation (Generative Adversarial Networks)  | Top-hat filter and inpainting technique  | Generative Adversarial Networks (GANs) for synthetic image generation  | Lesion Boundary (via GrabCut algorithm)  | Multi-class (Melanoma, Seborrheic keratosis, and Nevus)  | Inception-v4  | Ensemble (GrabCut for segmentation and Adaptive Neuro-Fuzzy Classifier (ANFC) for classification)  | Yes (Inception model)  | Accuracy (ACC), Sensitivity (SEN), Specificity (SPE), and Jaccard index  | ACC: 94.4%  | Yes  | Dependency on initial seed placement for GrabCut and potential limitations of public benchmark datasets  | Improving segmentation for images with extremely low contrast and irregular boundaries  | 10
Deep learning ensembles for melanoma recognition in dermoscopy images | 2017 | Public (ISIC 2016 Archive)  | 1,279 images (900 training + 379 testing)  | No; data imbalance handled via augmentation (10x for melanoma, 1x for benign) and expert initialization  | Resizing and subtracting ImageNet mean  | Random rotation, flipping, cropping, scaling, and color/contrast perturbation  | Both (Lesion Boundary and Attributes like pigment networks, globules, etc.)  | Both; Binary (Melanoma vs. Non-Melanoma) and Multi-class (Melanoma vs. Atypical vs. Benign)  | ResNet-50, VGG-16, and Inception-v3  | Ensemble (combining deep learning, sparse coding, and SVMs)  | Yes (ImageNet)  | AUC, Average Precision, Accuracy, Specificity (at 95% Sensitivity)  | AUC: 0.843; Specificity: 36.8% (at 95% Sensitivity)  | Yes  | Limited by scarcity of large-scale annotated datasets and the subjectivity/variability of manual segmentations by experts  | Improving attribute detection and exploring the use of non-dermoscopic images for larger datasets  | 10
Deep learning techniques for skin lesion analysis and melanoma cancer detection: a survey of state-of-the-art | 2020 | Public (ISIC 2018, ISIC 2019, HAM10000, PH2, Dermofit) | 25,000+ (ISIC 2019) | No; discusses data imbalance and various up-sampling/loss function techniques used in the field | Contrast and intensity adjustment, binarization, morphological operations, color gray-scaling, and resizing | Discusses rotation, flipping, scaling, and GANs as common practices in reviewed models | Both (Lesion Boundary and Attributes like pigment network, globules) | Both (Binary: Melanoma vs. Non-Melanoma; Multi-class: various cancer types) | DCNNs, U-Net, FCN, FCRN, CDCNN, AlexNet, VGG, GoogleNet, ResNet, DenseNet, EfficientNet | Standard (Survey Paper) | Yes (ImageNet) | Accuracy, Dice Coefficient, Sensitivity, Specificity, Jaccard Index, AUC | ACC: 98.7% (Gessert et al. 2018 on ISIC 2018) | Yes | High computational resources required for deep architectures; time-consuming training; challenges with fine-grained visual similarities | Focus on ensemble models, better pre-processing/segmentation pipelines, and more principled algorithms like AlphaGo Zero adaptations | 10
Deep learning-based, computer-aided classifier developed with a small dataset of clinical images surpasses board-certified dermatologists in skin tumor diagnosis | 2018 | Private (University of Tsukuba Hospital)  | 6,009  | No; data consists of 14 pathologically confirmed diagnoses with varying image counts per class  | Trimming (to 1000 x 1000 pixels)  | Rotation (15-degree increments), blur filter (0 to 5 pixels), and brightness fluctuation (-10% to +10%)  | N/A | Both; Binary (Malignant vs. Benign) and Multi-class (14 and 21 class levels)  | GoogLeNet  | Transfer Learning  | Yes (LSVRC 2012 / ImageNet)  | Accuracy, Sensitivity, Specificity  | Sensitivity: 96.3%; Specificity: 89.5% (for skin cancer detection)  | Yes  | Limited to skin tumors (no inflammatory conditions); reliance on clinical images only; potential patient selection and acral-site distribution bias  | Combination with dermoscopy diagnosis systems; use of top-k probable outputs to inform biopsy decisions  | 10
Dermoscopic Image Segmentation via Multi-Stage Fully Convolutional Networks | 2017 | Public (ISBI 2016)  | 1,279 total (900 training + 379 testing)  | No; handles imbalance via a multi-stage approach where later stages refine boundaries from coarse initial masks  | Resizing and pixel-wise mean subtraction  | Random rotation (0, 90, 180, 270 degrees) and horizontal/vertical flipping  | Lesion Boundary  | N/A (Focus is on segmentation) | Fully Convolutional Networks (FCNs) based on ResNet-101  | New Architecture (Multi-stage FCN with Parallel Integration)  | Yes (ResNet-101 pre-trained on ImageNet)  | Accuracy (AC), Dice Coefficient (DI), Jaccard Index (JA), Sensitivity (SE), Specificity (SP)  | AC: 95.51%; DI: 91.18%  | Yes (Compared against FCN-8s, U-Net, and ISBI 2016 challenge winners)  | Higher computational complexity due to multi-stage architecture and potential difficulty with extremely low-contrast lesions  | Integration of high-resolution feature maps and exploring application to other medical imaging modalities  | 10
Dermoscopy Image Analysis: Overview and Future Directions | 2019 | Public (ISIC Archive, HAM10000, PH2, EDRA, Dermofit, etc.) | N/A (Overview paper summarizing various datasets including the ISIC dataset with >13,000 images at the time) | No; discusses data imbalance (e.g., PH2 and EDRA) as a common challenge requiring sample weighting or augmentation | Resizing, color normalization/constancy, hair removal (DullRazor), and illumination correction | Rotation, flipping, and color modifications | Both (Lesion Boundary/Border Detection and specific dermoscopic superfeatures/attributes like dots, globules, and networks) | Both (Binary: Melanoma vs. Benign; Multi-class: Melanoma, BCC, SK, etc.) | CNNs (AlexNet, VGG, ResNet, Inception) and specialized segmentation models (FCN, U-Net, SegNet) | Standard (Overview/Survey) | Yes (ImageNet) | Accuracy, Sensitivity, Specificity, Dice Coefficient, Jaccard Index, AUC | N/A (Overview summarizing state-of-the-art results across different DIA tasks) | Yes | Scarcity of large-scale annotated data; subjectivity of visual analysis; inconsistent imaging conditions; imbalanced datasets leading to biased models | Development of explainable AI; centralized international data repositories; integration of 3D surface shape data; improved clinical workflow integration | 10
FIBA: Frequency-Injection based Backdoor Attack in Medical Image Analysis | 2022 | Public (ISIC-2019) | 25,331 | No; data imbalance is a known challenge in medical datasets | Grayscale conversion (for CT images) and resizing | Frequency-injection (blending spectral amplitude) and pseudo trigger robust training | N/A | Multi-class (8 categories: melanoma, melanocytic nevus, basal cell carcinoma, actinic keratosis, benign keratosis, dermatofibroma, vascular lesion, and squamous cell carcinoma) | ResNet50 | New Architecture (Frequency-Injection based Backdoor Attack) | Yes (ImageNet) | Benign Accuracy (BA) and Attack Success Rate (ASR) | BA: 85.43%; ASR: 99.53% | Yes | FFT and iFFT operations are slightly more time-consuming (1.5x–1.8x) than spatial triggers | Faster GPU-based implementation and research into developing more secure/trustworthy AI systems against attacks | 8
FOCUSNET: AN ATTENTION-BASED FULLY CONVOLUTIONAL NETWORK FOR MEDICAL IMAGE SEGMENTATION | 2019 | Public (ISIC skin cancer segmentation challenge and Lung segmentation dataset)  | 2,750 for skin cancer (2,000 training, 150 validation, 600 test); 267 for lung segmentation  | No  | Resizing (to 256x256 pixels) and normalization (mean subtraction and division by standard deviation)  | Random zooms, flipping, and small random channel shifts  | Lesion Boundary  | N/A | ResNet + SE net hybrid architecture with a separate convolutional autoencoder for attention  | New Architecture  | No | Dice Index (DI), Jaccard Index (JI), Accuracy (AC), Sensitivity (SE), Specificity (SP)  | JI: 0.7562; DI: 0.8315 (on skin cancer test set)  | Yes  | Lack of responsiveness to sensitivity metric, possibly due to minimal pre-processing  | Generalizing the attention mechanism to other computer vision domains  | 10
ICL-Net: Global and Local Inter-pixel Correlations Learning Network for Skin Lesion Segmentation | 2022 | Public (ISIC 2017 and ISIC 2018) | 12,507 total (2,594 from ISIC 2018 and 9,913 from ISIC 2017) | No; handles target variations through spatial and correlation modeling | Resizing ($256 \times 256$ pixels) and normalization | Random flipping and rotation | Lesion Boundary 1 | N/A (Focused on segmentation) 2 | ResNet-34 backbone with Pyramid Transformer Inter-pixel Correlations (PTIC) and Local Neighborhood Metric Learning (LNML) modules | New Architecture (ICL-Net) 3 | Yes (ResNet-34 pre-trained on ImageNet) | Jaccard Similarity (JA), Dice Coefficient (DI), Accuracy (AC), Sensitivity (SE), Specificity (SP) | DI: 91.07% (ISIC 2017); DI: 90.63% (ISIC 2018) | Yes (Compared against U-Net, CE-Net, FAT-Net, and others) | Challenges in segmenting lesions with extremely blurry boundaries or those heavily obscured by artifacts | Extending the method to 3D medical image segmentation and exploring more efficient transformer variants 4 | 10
Improving Dermoscopic Image Segmentation with Enhanced Convolutional-Deconvolutional Networks | 2017 | Public (ISBI 2017 Skin Lesion Analysis Towards Melanoma Detection challenge)  | 2,750 (2,000 training, 150 validation, 600 testing images)  | No; addressed using a Jaccard distance-based loss function that eliminates the need for sample re-weighting  | Resizing (to 192x256 pixels) and color space expansion (adding HSV and CIELAB L-channels)  | Geometric (flipping, shifting, rotating, scaling) and color (random contrast normalization of channels)  | Lesion Boundary  | N/A  | 29-layer Convolutional-Deconvolutional Neural Network (CDNN)  | New Architecture  | No  | Jaccard Index (JA), Accuracy (AC), Dice Coefficient (DI), Sensitivity (SE), Specificity (SP)  | JA: 0.765  | Yes  | Mis-segmentation in some cases due to challenging acquisition conditions or site-specific issues  | Combining deep learning with conventional methods like active contour or integrating post-processing like CRF modeled as RNNs  | 10
Improving Medical Images Classification With Label Noise Using Dual-Uncertainty Estimation | 2022 | Public (ISIC 2019, Gleason 2019) and Private (Kaggle DR+)  | 25,331 (ISIC 2019)  | No; handles class imbalance using Focal Loss and boosting training  | None reported | Horizontal flipping  | N/A | Both; Binary (Benign vs. Malignant for ISIC) and Multi-class (8 classes for ISIC; 4 for Gleason; 17 for Retinal)  | Dropout-ResNet-101 and 9-Layer CNN  | New Architecture (Dual-uncertainty estimation framework)  | Yes (ImageNet)  | AUC, Recall, Precision, F1 Score  | AUC: 83.26% (ISIC 2019 under 10% noise)  | Yes | Potential limitations in handling typical medical factors like long-tailed and open-label recognition  | Release of a large re-engineered database for ophthalmology benchmarking  | 10
InSiNet: a deep convolutional approach to skin cancer detection and segmentation | 2022 | Public (ISIC 2018/HAM10000, ISIC 2019, ISIC 2020)  | 68,472 total available (10,015 from ISIC 2018; 25,331 from ISIC 2019; 33,126 from ISIC 2020)  | No; data consists of various categories with different image counts, handled by experimental data splitting  | Hair removal (OpenCV morphologyEx and threshold), Image cropping (Gaussian Blur and Otsu algorithm), resizing, and pixel normalization ([0-1] range)  | None reported  | Lesion Boundary (via U-Net and DeepLabV3-Plus)  | Binary (Benign vs. Malignant)  | InSiNet (Inception Block Skin Network) based on the Inception module  | New Architecture  | No | Accuracy, Sensitivity, Specificity, ROC-AUC, Jaccard Index, Dice Coefficient  | Accuracy: 94.59% (ISIC 2018)  | Yes  | Hardware limitations constrained the number of images used; need for testing on larger datasets and in .dicom format  | Testing the algorithm on larger datasets; enhancing the architecture with DenseNet blocks or meta-heuristic algorithms  | 10
Intelligent fusion-assisted skin lesion localization and classification for smart healthcare | 2021 | Public (ISIC 2017, ISIC 2018, and ISIC 2019)  | 32,642 total (2,000 from ISIC 2017; 2,594 from ISIC 2018; 28,048 from ISIC 2019)  | No; handles class imbalance via a multi-modal information fusion framework and data augmentation  | Normalization and resizing 4 | Horizontal flip, vertical flip, and $90^{\circ}$ rotation 5 | Lesion Boundary | Multi-class (Melanoma, Melanocytic nevus, Basal cell carcinoma, Actinic keratosis, Benign keratosis, Dermatofibroma, Vascular lesion, and Squamous cell carcinoma) 6 | ResNet101 and InceptionV3 backbones 7 | Ensemble (Feature fusion using Canonical Correlation Analysis and selection via a hybrid Magnetotactic Bacteria Optimization and Sine Cosine Algorithm) 8888 | Yes (Pre-trained on ImageNet) 9 | Accuracy, Precision, Sensitivity, F1-Score, and Area Under the Curve (AUC) 10 | Accuracy: 98.4% (ISIC 2017); 98.1% (ISIC 2018); 98.8% (ISIC 2019) 11111111 | Yes 12 | High computational complexity due to dual-stream feature extraction and fusion; potential performance drops on low-quality or highly noisy clinical images 13 | Exploring more lightweight architectures for mobile deployment and integrating uncertainty estimation for more trustworthy predictions | 10
Deep Learning, Sparse Coding, and SVM for Melanoma Recognition in Dermoscopy Images | 2015 | Public (International Skin Imaging Collaboration)  | 2,624 images (334 melanoma, 144 atypical nevi, 2,146 benign lesions)  | No; data consists of highly imbalanced classes  | Resizing and subtracting the average training image  | Randomly sampling sub-regions and performing horizontal reflections  | Lesion Boundary (via deep learning and sparse coding)  | Both; Binary (Melanoma vs. Non-Melanoma) and Multi-class (Melanoma vs. Atypical vs. Benign)  | CNN (CaffeNet/AlexNet variant)  | Ensemble (combined deep learning, sparse coding, and SVMs)  | Yes (Pre-trained on ImageNet)  | Accuracy, Area Under the ROC curve (AUC), Average Precision (AP), Specificity at 95% Sensitivity  | AUC: 0.912  | Yes  | High intra-class variability and inter-class similarity; scarcity of large-scale annotated datasets  | Improving attribute detection and exploring the use of non-dermoscopic images for larger datasets | 10
Melanoma Detection by Analysis of Clinical Images Using Convolutional Neural Network | 2016 | Public (Dermofit Image Library)  | 1,300  | No; balanced sets were used for training but the original dataset consists of various counts across 10 classes  | Illumination correction (via DullRazor and color constancy), Gaussian filtering for noise reduction, and resizing  | None reported | Lesion Boundary (via mask generation using DullRazor)  | Binary (Melanoma vs. Benign)  | CNN (custom architecture with two convolutional and two fully connected layers)  | New Architecture (custom CNN designed for clinical image analysis)  | No  | Accuracy  | Accuracy: 81%  | Yes  | Computational resources (GPU requirements) and the challenge of processing high-resolution clinical images  | Improving segmentation for multi-class dermatological disease diagnosis | 10
Melanoma Recognition in Dermoscopy Images via Aggregated Deep Convolutional Features | 2018 | ISBI 2016 (Public)  | 1,279 total (900 training, 379 testing)  | No; approximately 20% melanoma  | Uniform rescaling (shortest side to scale S) while maintaining aspect ratio, and channel-wise average intensity subtraction (per-img-mean)  | Random rotation (0°, 90°, 180°, 270°) and random pixel translation (-10 to 10 pixels)  | N/A | Binary (Melanoma vs. Benign)  | ResNet-50 and ResNet-101  | New Architecture (Fisher Vector encoding of ResNet activations with SVM classification)  | Yes (ImageNet) | mAP, Acc, AUC  | mAP: 68.49%; Acc: 86.81%; AUC: 85.20% (Fusion result)  | Yes  | Pre-training limited to ImageNet; high dimensionality reduction in encoding step may limit discriminative info; tested on only one public dataset  | Evaluation on more datasets; exploring impact of other pre-training datasets; improving information capture in GMM encoding  | 10
MTANet: Multi-Task Attention Network for Automatic Medical Image Segmentation and Classification | 2024 | Public (ISIC-2018, CVC-ClinicDB) and Private (Ultrasound dataset)  | 2,594 (ISIC-2018)  | No; uses Focal Tversky Loss to address class imbalance in segmentation  | Resizing and Normalization  | Random rotation, horizontal/vertical flipping, and scaling  | Lesion Boundary | Both; Binary (Malignant vs. Benign) and Multi-class (for private dataset)  | ResNet-50 and Swin-Transformer backbones  | New Architecture (One-stage Multi-Task Attention Network with Reverse Addition Attention and Attention Bottleneck modules)  | Yes (Pre-trained on ImageNet)  | Dice, Jaccard (JA), Accuracy (ACC), Sensitivity (SE), Specificity (SP), AUC  | Dice: 91.5%; JA: 84.7%; ACC: 95.1%; AUC: 96.6% (on ISIC-2018)  | Yes  | High computational complexity and difficulty in segmenting lesions with extremely blurry boundaries or hair interference  | Integrating edge information into the attention mechanism and exploring lightweight models for mobile deployment  | 10
Multi-Class Skin Lesion Detection and Classification via Teledermatology | 2021 | Public (ISBI 2017, ISIC 2018, and ISIC 2019) | 32,642 total (2,000 from ISBI 2017; 2,594 from ISIC 2018; 28,048 from ISIC 2019) | No; handles data imbalance via multi-modal information fusion and data augmentation | Normalization and resizing | Horizontal flipping, vertical flipping, and $90^{\circ}$ rotation | Lesion Boundary | Multi-class (Melanoma, Melanocytic nevus, Basal cell carcinoma, Actinic keratosis, Benign keratosis, Dermatofibroma, Vascular lesion, and Squamous cell carcinoma) | 16-layered CNN for segmentation; ResNet-101 and Inception-V3 for classification | Ensemble (features fused via Canonical Correlation Analysis and selected via Magnetotactic Bacteria Optimization and Sine Cosine Algorithm) | Yes (Pre-trained on ImageNet) | Accuracy, Precision, Sensitivity, F1-Score, and AUC | Accuracy: 98.4% (ISBI 2017); 98.1% (ISIC 2018); 98.8% (ISIC 2019) | Yes | High computational complexity due to dual-stream feature extraction and fusion; potential sensitivity to low-quality images | Exploring lightweight models for mobile deployment and uncertainty estimation for trustworthy predictions | 10
Nuclei Segmentation with Recurrent Residual Convolutional Neural Networks based U-Net (R2U-Net) | 2018 | Public (Data Science Bowl Grand Challenge 2018)  | 735  | No  | Resizing  | None reported | Lesion Boundary | N/A | R2U-Net (Recurrent Residual U-Net)  | New Architecture  | No | Dice Coefficient (DC), Mean Squared Error (MSE)  | DC: 92.15%  | Yes  | None reported | Implementation of different deep learning models for nuclei classification and detection  | 10
Nuclei Segmentation with Recurrent Residual Convolutional Neural Networks based U-Net (R2U-Net) | 2018 | Public (Data Science Bowl Grand Challenge 2018)  | 735  | No  | Resizing  | None reported | Lesion Boundary | N/A | R2U-Net (Recurrent Residual U-Net)  | New Architecture  | No | Dice Coefficient (DC), Mean Squared Error (MSE)  | DC: 92.15%  | Yes  | None reported | Implementation of different deep learning models for nuclei classification and detection  | 10
Quadruple strategy-driven hiking optimization algorithm for low and high-dimensional feature selection and real-world skin cancer classification | 2025 | Public (UCI repository and scikit-feature repository) and a Real-world skin cancer dataset | 10,015 (HAM10000 images from ISIC 2018 used for the case study) | No; the study focuses on feature selection to improve classification of imbalanced medical data | Resizing and Normalization | None reported (focus is on feature selection algorithms) | N/A | Multi-class (7 classes: akiec, bcc, bkl, df, nv, mel, vasc) | Adaptive Enhanced Diversified Hiking Optimization Algorithm (AEDHOA) with kNN, DT, and SVM classifiers | New Architecture (AEDHOA variant of Hiking Optimization Algorithm) | No | Accuracy, Sensitivity, Precision, Fitness function value, and Number of selected features | Accuracy: 94.31% (average across 18 benchmark datasets); 100% on specific high-dimensional datasets | Yes | Metaheuristic algorithms can still be prone to stagnation in extremely complex landscapes; variability in datasets affects performance consistency | Exploring more lightweight models for mobile deployment and integrating uncertainty estimation for clinical decision support | 10
Region Extraction and Classification of Skin Cancer: A Heterogeneous framework of Deep CNN Features Fusion and Reduction | 2019 | Public (PH2, ISBI 2016, ISIC 2017)  | 4,229 total (200 from PH2; 1,279 from ISBI 2016; 2,750 from ISBI 2017)  | No; addresses imbalance through data rotation  | Fast local Laplacian filtering (FILpF) along with HSV color transformation  | Rotation at 4 different angles | Lesion Boundary  | Both; Binary (Benign vs. Malignant) and Multi-class (Melanoma, Common Nevi, Atypical Nevi)  | Inception V3  | New Architecture (Heterogeneous framework using feature fusion via Hamming distance and entropy controlled selection)  | Yes (Inception V3 pre-trained on ImageNet)  | Accuracy (Acc), Sensitivity (Sen), Specificity (Spec), Precision (Pre), F1-Measure (F1-M), AUC, False Positive Rate (FPR)  | Acc: 98.4% (PH2), 95.1% (ISBI 2016), 94.8% (ISIC 2017)  | Yes  | Challenges with similar colors between healthy skin and lesions; artifacts like air bubbles and hair reduce extraction accuracy  | Future focus on segmentation using transfer learning and physics-based selection theorems for feature subsets  | 10
Semantic segmentation in medical images through transfused convolution and transformer networks | 2022 | Public (ISIC 2018, Data Science Bowl 2018, BraTS 2020)  | 2,594 for skin lesion  | No; data imbalance is addressed using a combined loss function of Binary Cross Entropy and Dice Loss  | Resizing (to 224x224 pixels) and normalization  | Random flipping and rotation  | Lesion Boundary  | N/A | USegTransformer-P and USegTransformer-S (Hybrid Transformer and CNN architectures)  | New Architecture  | No | Dice Coefficient (DSC), Jaccard Index (IoU)  | DSC: 91.13% (ISIC 2018)  | Yes  | High computational complexity of transformer modules; requires significant memory for high-resolution images  | Optimizing transformer efficiency for mobile medical devices and expanding to 3D volumetric data  | 10
Semi-supervised Medical Image Classification with Relation-driven Self-ensembling Model | 2020 | Public (ISIC 2018) | 10,015 | No; handles imbalance via a consistency-based semi-supervised framework and relation-driven self-ensembling  | Resizing and normalization | Random rotation, flipping, and scaling | N/A | Multi-class (7 classes: Melanoma, Melanocytic nevus, Basal cell carcinoma, Actinic keratosis, Benign keratosis, Dermatofibroma, and Vascular lesion) | ResNet-50 | New Architecture (Relation-driven self-ensembling with Sample Relation Consistency paradigm)  | Yes (Pre-trained on ImageNet) | Accuracy, AUC, Sensitivity, Specificity, F1-score | AUC: 93.97% (with 20% labeled data) | Yes | Computational overhead of modeling inter-sample relations in very large datasets; reliance on perturbation quality  | Investigating more complex sample relationships and extending to multi-modal data fusion  | 10
Single Model Deep Learning on Imbalanced Small Datasets for Skin Lesion Classification | 2022 | Public (ISIC 2017, ISIC 2018, ISIC 2019) | 35,331 total (2,750 from ISIC 2017; 2,594 from ISIC 2018; 25,331 from ISIC 2019) | No; handles imbalance via Multi-Weighted New Loss (MWNL) and cumulative learning strategy (CLS) | Resizing (to 224x224 pixels) and normalization | Modified RandAugment (including rotation, flip, solarization, etc.) | N/A | Both; Binary (Melanoma vs. Others) and Multi-class (7 or 8 categories depending on dataset) | ResNet-34, EfficientNet-B0 | New Architecture (integration of DropBlock, Modified RandAugment, and MWNL into a single-model strategy)  | Yes (Pre-trained on ImageNet) | Balanced Accuracy (BACC), Precision, Recall, F1-score, AUC | BACC: 82.5% (ISIC 2017); BACC: 84.1% (ISIC 2018); BACC: 64.9% (ISIC 2019) | Yes | Computational cost of complex loss functions and the inherent difficulty of fine-grained classification in small datasets | Expanding the strategy to other medical imaging domains and investigating more advanced regularization techniques  | 10
Skin Cancer Classification using Deep Learning and Transfer Learning | 2018 | PH2 | 200 | No reported | None reported | Random and fixed rotation angles | N/A | Multi-class (Melanoma, common nevus, and atypical nevus) | N/A | AlexNet | Transfer Learning | Yes (AlexNet) | Accuracy, sensitivity, specificity, and precision | Accuracy: 98.61% | Yes | Limited to three classes and specific imaging conditions of the PH2 dataset | Expanding to larger, more diverse multi-class datasets like ISIC or HAM10000 and improving clinical applicability | 8
Skin cancer detection from dermoscopic images using deep learning and fuzzy k-means clustering | 2021 | Public (ISIC-2016, ISIC-2017, PH2)  | 3,480 total (1,280 from ISIC-2016; 2,000 from ISIC-2017; 200 from PH2)  | No; data imbalance is addressed using data rotation to increase samples for training  | Illumination adjustment, hair/blood vessel removal (morphological closing), and un-sharp filtering  | None reported | Lesion Boundary (via Faster-RCNN and Fuzzy k-means clustering)  | Binary (Melanoma vs. Non-melanoma)  | Faster RCNN with VGG-16 backbone  | Ensemble (combining Faster-RCNN for localization and FKM for segmentation)  | Yes (VGG-16 pre-trained features)  | Accuracy, Sensitivity, Specificity, and mAP  | Accuracy: 95.4% (ISIC-2016); 95.2% (ISIC-2017); 96.1% (PH2)  | Yes  | Potential sensitivity to images with intense chrominance changes and high computational cost  | Extending the method to other skin diseases beyond melanoma  | 10
Skin cancer disease images classification using deep learning solutions | 2021 | Public (ISIC Archive)  | 24,000+  | No reported  | Resizing | None reported  | N/A | Binary (Benign vs. Malignant)  | Inception V3, ResNet, VGG19  | Standard  | Yes (Pre-trained on ImageNet)  | Accuracy  | Accuracy: 94% (ResNet)  | Yes  | Computational cost and time required for training deep models  | Increasing the dataset size and developing more complex architectures for real-time mobile applications  | 9
Skin Lesion Analysis Toward Melanoma Detection: A Challenge at the 2017 International Symposium on Biomedical Imaging (ISBI), Hosted by the International Skin Imaging Collaboration (ISIC) | 2018 | Public (ISIC Archive)  | 2,750 total (2,000 training, 150 validation, 600 test)  | No reported  | None reported  | None reported  | Both (Lesion Boundary and Attributes: network, negative network, streaks, and milia-like cysts)  | Both; Binary (Melanoma vs. Others; Seborrheic Keratosis vs. Others) and Multi-class (Melanoma, Seborrheic Keratosis, Benign Nevi)  | Ensembles of Deep Learning Networks  | Ensemble  | Yes (External and additional data sources used)  | Jaccard Index, Dice Coefficient, Accuracy, AUC, Specificity at 82/89/95% Sensitivity  | AUC: 0.911 (Average across categories); Jaccard: 0.765 (Segmentation)  | Yes (Standardized comparative study)  | Dataset bias (incomplete representation of all diseases/ethnicities); incomplete feature annotations; reliance on single metrics  | Integration into clinical workflows; adjusting metrics and task formats for easier participation; addressing dataset bias  | 10
SKIN LESION CLASSIFICATION FROM DERMOSCOPIC IMAGES USING DEEP LEARNING TECHNIQUES | 2017 | ISIC Archive dataset  | 496 total used in final balanced dataset (346 training and 150 testing)  | Yes; undersampling was used to create a balanced dataset of 173 training and 75 testing images per class  | Normalizing pixel values to [0,1] range, square cropping, and resizing to 224x224 pixels  | Size re-scaling, rotation, horizontal shift, zooming, and horizontal flipping  | N/A | Binary (Malignant vs. Benign)  | VGG16  | Transfer Learning  | Yes (ImageNet)  | Accuracy, Sensitivity, Precision, Specificity, Loss  | Accuracy: 81.33%; Sensitivity: 78.66%  | Yes  | Overfitting due to small dataset size and dependency on ImageNet features potentially unrelated to medical tasks  | Using larger datasets, hyperparameter fine-tuning, and pre-training on skin-related datasets like Dermnet  | 10
Skin Lesion Classification Using CNNs with Patch-Based Attention and Diagnosis-Guided Loss Weighting | 2019 | Public (HAM10000, 7-point criteria (SPC) dataset)  | 10,015 (HAM10000)  | No; data imbalance handled via oversampling, balanced batch sampling, and novel diagnosis-guided loss weighting  | Dataset curators manually centered lesions and downsampled/resized; no additional preprocessing by authors  | Online data augmentation: random flipping along both axes, random brightness and saturation changes  | N/A | Multi-class (7 classes: Melanoma, Melanocytic Nevus, Basal Cell Carcinoma, Actinic Keratosis, Benign Keratosis, Dermatofibroma, Vascular Lesion)  | Inception-V3, Densenet-121, SE-Resnext50  | New Architecture (Patch-based attention mechanism integrated into standard backbones)  | Yes (Pre-trained on ImageNet)  | Multi-class Sensitivity (MC-Sensitivity), MC-Specificity, F1-score  | MC-Sensitivity: 75.7% (Dense121 with Dual Attention)  | Yes (Outperformed previous patch-based and recurrent methods)  | Reliance on image-level labels for global context; attention bias toward curators' manual cropping/zooming  | Extension to other clinical applications with high-resolution data and class imbalance; exploring more effective ways to exploit diagnostic meta-information  | 10
SKIN LESION CLASSIFICATION USING HYBRID DEEP NEURAL NETWORKS | 2019 | Public (ISIC 2016 and ISIC 2017) | 2,037 total (411 MM, 254 SK, 1372 BN) | No reported | Normalization (ImageNet mean subtraction) and Resizing (bicubic interpolation to 227x227 or 224x224) | Rotation (0, 90, 180, 270 degrees) and Horizontal Flipping | N/A | Both; Binary (MM vs. All, SK vs. All) and Multi-class (MM, SK, BN) | AlexNet, VGG16, ResNet-18 | Ensemble (Hybrid deep feature fusion with multiple SVM classifiers) | Yes (ImageNet) | AUC | MM AUC: 83.83%; SK AUC: 97.55% | Yes | Limited number of pre-trained networks studied; resizing to small patches may remove useful info; limited training data | Incorporating more advanced models (e.g., DenseNets); extending training data; using cropping or segmentation masks to guide resizing | 10
Skin lesion segmentation and classification: A unified framework of deep neural network features fusion and selection | 2019 | Public (ISBI 2016, ISIC 2017, PH2)  | 4,229 total (1,279 from ISBI 2016; 2,750 from ISIC 2017; 200 from PH2) | No; data imbalance is addressed using a data rotation approach to increase the number of samples | Local color-controlled contrast enhancement (LCCCE) based on a combination of HSV transformation and 2D-median filtering | Data rotation at four different angles (90°, 180°, 270°, and 45°) | Lesion Boundary (via a color CNN-based approach followed by XOR operation and morphological filtering) | Both; Binary (Melanoma vs. Benign) and Multi-class (Melanoma, Common Nevi, and Atypical Nevi) | Inception-v3 and ResNet-50 | Ensemble (Feature fusion using Canonical Correlation Analysis (CCA) and selection via entropy-controlled method) | Yes (Pre-trained on ImageNet) | Accuracy, Sensitivity, Specificity, Precision, F1-Measure, AUC | Accuracy: 98.4% (PH2), 95.1% (ISBI 2016), 94.8% (ISIC 2017) | Yes | Computational cost of training deep models; potential segmentation errors in images with very high artifact noise or similar skin/lesion color | Evaluation on more complex multi-class datasets (e.g., ISIC 2018/HAM10000) and exploring more efficient feature selection theorems  | 10
Skin lesion segmentation and recognition using multichannel saliency estimation and M-SVM on selected serially fused features | 2018 | Public (PH2, ISBI 2016, ISIC)  | 4,731 total (200 from PH2; 1,279 from ISBI 2016; 3,252 from ISIC)  | No; balanced sets used for evaluation (e.g., 50:50 training/testing split)  | Hair and ruler artifact removal (Dull Razor), contrast stretching, and resizing (to 256x256 pixels for PH2)  | None reported | Lesion Boundary (via multichannel saliency estimation, morphological operations, and weighting criteria)  | Both; Binary (Melanoma vs. Benign) and Multi-class (Melanoma, Common Nevi, and Atypical Nevi/Seborrheic Keratosis)  | Support Vector Machine (M-SVM)  | Ensemble (multichannel saliency for segmentation; fusion of HOG, color, and clinical features reduced via NCA)  | No  | Sensitivity, Specificity, Precision, Accuracy, FPR, FNR, NPV, and Execution Time  | Accuracy: 99.2% (ISBI 2016); 97.5% (PH2); 99.5% (ISIC-UDA)  | Yes  | Limited applicability to non-Caucasian skin tones if visual difference between lesion and background is low  | Implementing and testing deep convolutional neural network (CNN) architectures on ISBI 2017  | 10
Skin Lesion Segmentation in Dermoscopic Images with Combination of YOLO and GrabCut Algorithm | 2019 | Public (PH2 and ISBI 2017) | 2,200 total (200 from PH2; 2,000 from ISBI 2017) | No reported | Hair removal (DullRazor), resizing (to 416x416 pixels), and color space conversion (to RGB) | None reported | Lesion Boundary (via YOLO for localization followed by GrabCut for segmentation) | N/A | YOLO (You Only Look Once) | Ensemble (Hybrid pipeline combining YOLO localization and GrabCut segmentation) | No | Sensitivity, Specificity, Accuracy, and Jaccard Index | Sensitivity: 94% (PH2); Accuracy: 90% (ISBI 2017) | Yes | Difficulty in segmenting lesions with extremely blurry boundaries, high artifact noise (gel bubbles), or low contrast | Improving segmentation for multi-class dermatological disease diagnosis and testing on larger clinical datasets  | 10
The skin cancer classification using deep convolutional neural network | 2018 | Internet-collected RGB images (google.com, naver.com, baidu.com, bing.com)  | 3753  | No reported  | Cropping to reduce noise from other organs and tools  | None reported  | N/A | Multi-class (Actinic Keratoses, Basal cell carcinoma, Squamous cell carcinoma, and Melanoma)  | AlexNet  | Transfer Learning  | Yes (AlexNet pre-trained on ImageNet)  | Accuracy, Sensitivity, and Specificity  | Accuracy: 95.1% (Squamous cell carcinoma); Sensitivity: 98.9% (Actinic keratosis); Specificity: 94.17% (Squamous cell carcinoma)  | Yes  | Accuracy depends on image clarity, with some classes achieving better results due to clearer source material  | Extending classification based on ABCD rules and developing a smartphone application  | 8
Transformation-Consistent Self-Ensembling Model for Semisupervised Medical Image Segmentation | 2020 | Public (ISIC 2017)  | 2,000  | No reported  | Resizing (to 256x256 pixels) and normalization  | Random rotation and flipping  | Lesion Boundary  | N/A | U-Net  | New Architecture (Transformation-consistent self-ensembling model)  | No | Dice Coefficient, Jaccard Index  | Dice: 87.11%; Jaccard: 78.43% (with 300 labeled images)  | Yes  | Reliance on a large amount of unlabeled data for performance gains; sensitivity to transformation types  | Extending the transformation-consistent strategy to 3D medical image segmentation  | 10
TransFuse: Fusing Transformers and CNNs for Medical Image Segmentation | 2021 | Public (ISIC 2017, ISIC 2018) | 2,000 (ISIC 2017); 2,594 (ISIC 2018) | No reported | Resizing (to 512x512 pixels) and normalization | Random rotation and horizontal flipping | Lesion Boundary | N/A | TransFuse (Parallel Transformer and CNN branches with BiFusion module) | New Architecture | Yes (DeiT-S and ResNet-50 pre-trained on ImageNet) | Dice Score (dsc), Jaccard Index (jaccard) | dsc: 85.9% (ISIC 2017); dsc: 90.2% (ISIC 2018) | Yes | Potential computational overhead from parallel branches; primary focus on 2D/3D segmentation without multi-class disease labeling | Investigating more efficient global-local fusion mechanisms and expanding to larger scale clinical multi-modal data | 10
W-net and inception residual network for skin lesion segmentation and classification | 2021 | Public (PH2, ISIC 2016, ISIC 2017, ISIC 2018)  | 6,673 total (200 from PH2; 1,279 from ISIC 2016; 2,600 from ISIC 2017; 2,594 from ISIC 2018)  | No reported  | Gaussian filter (to minimize artifacts like fogs, hairs, and marks), binary thresholding, Canny algorithm, cropping, and resizing (to 180x180 pixels)  | None reported  | Lesion Boundary  | Both; Binary (Melanoma vs. others) and Multi-class (Melanoma, Keratosis, Benign; and various ISIC 2018 classes)  | W-net (ResNet and ConvNet Encoder-Decoder) for segmentation and Inception-ResNet for classification  | New Architecture  | No  | Accuracy, Sensitivity, Specificity, Dice similarity, Precision, and Recall  | Segmentation Accuracy: 97.94% (ISIC 2017); Classification Accuracy: 98.50% (PH2)  | Yes  | Computational cost of dual encoder-decoder architectures; reliance on image clarity for precise border extraction  | Combining more advanced deep architectures for accurate cancer classification and using the Inception Resnet block for segmentation tasks  | 10
A comprehensive review of deep learning for medical image segmentation | 2025 | ISIC 2016, ISIC 2017, ISIC 2018 | ISIC 2017: 2750, ISIC 2018: 3694 | N/A | N/A | N/A | Lesion Boundary | N/A | CNN (U-Net variants), Transformer (Swin-Unet, TransUNet), Mamba (VM-UNet), Hybrid | Review | Yes [ImageNet] | Dice, IoU, PA, HD95, ASD | VM-UNet: Dice 0.8971 (ISIC 2017) | Yes | Limited data, diverse modalities, noise (hair/bubbles), clinical applicability, legal/privacy issues | Zero-shot segmentation (SAM), transfer learning, multi-modal techniques | 10
A Hybrid Deep Learning Approach for Skin Lesion Segmentation With Dual Encoders and Channel-Wise Attention  | 2025  | ISIC 2016, ISIC 2017, ISIC 2018  | ISIC 2016: 1279, ISIC 2017: 2750, ISIC 2018: 2594  | N/A | Resize (256x256), Patching (16x16)  | None reported | Lesion Boundary  | N/A | Hybrid (ResNet-50 + ViT + SE Block + CNN Decoder)  | New Architecture  | Yes [Pre-trained ResNet50 & ViT-Base]  | ACC, IoU, Dice, SEN  | IoU: 89.53% (ISIC 2016)  | Yes  | High computational complexity (FLOPs), struggles with irregular/low-contrast boundaries  | Cross-validation, robustness to complex scenarios  | 9
A hybrid feature fusion deep learning framework for multi-source medical image analysis | 2025 | HAM10000 | 10015 | Balanced using ADASYN | Resizing (224x224), Normalization, Hair Removal (DullRazor) | Rotation, Flipping, Noise Injection | N/A | Multi-class (7 classes: AKIEC, BCC, BKL, DF, MEL, NV, VASC) | Hybrid (VGG19 + ResNet50 + DenseNet121 + Custom CNN) | Ensemble/Feature Fusion | Yes [ImageNet] | Accuracy, Precision, Recall, F1-Score | Accuracy: 98.45% | Yes | Computational cost of hybrid feature extraction | Integration with real-time clinical workflows, explainable AI (XAI) | 9
A skin lesion segmentation network with edge and body fusion  | 2025  | ISIC 2016, ISIC 2017, ISIC 2018, PH2  | ISIC 2016: 1279, ISIC 2017: 2750, ISIC 2018: 2594, PH2: 200  | N/A | Resize (256x256)  | Flip (Horizontal/Vertical), Random Rotation  | Lesion Boundary  | N/A | EBF-Net (ResNet-34 Encoder + Feature Selection Module + Body-Edge Fusion Module)  | New Architecture  | Yes [ImageNet]  | Dice, Jaccard, Accuracy, Sensitivity, Specificity  | ISIC 2017: Dice 0.9202  | Yes  | Edge detection branch can produce discontinuities in low-contrast or blurry boundary scenarios  | Develop more robust edge detection algorithms to improve continuity  | 10
An innovative deep learning framework for skin cancer detection employing ConvNeXtV2 and focal self-attention mechanisms  | 2025  | HAM10000  | 10015  | Balanced using Augmentation  | Resize (224x224) , Normalization , Hair Removal (DullRazor)  | Horizontal/Vertical Flip , Rotation (15-70 deg) , Zoom , Shear , Brightness , Contrast , Saturation  | N/A  | Multi-class (7 classes: MEL, NV, BCC, AKIEC, BKL, DF, VASC)  | ConvNeXtV2 + Focal Self-Attention  | New Architecture  | Yes [ImageNet]  | Accuracy , Precision , Recall , F1-Score  | Accuracy: 97.43%  | Yes  | Computationally intensive due to complex attention mechanisms, potential overfitting on small datasets  | Integrate with mobile health apps, explore lightweight versions, expand to other dermatological conditions  | 9
CSWin-UNet: Transformer UNet with cross-shaped windows for medical image segmentation  | 2025  | Synapse, ISIC 2018  | Synapse: 30 training/20 testing cases; ISIC 2018: 2594 images  | N/A | Resize (224x224), Intensity Clipping, Normalization  | Flip, Rotation  | Lesion Boundary  | Binary (Lesion vs Background), Multi-class (Organs)  | CSWin-UNet (CSWin Transformer + U-Net Decoder)  | New Architecture  | Yes [ImageNet]  | Dice, HD95, IoU, Accuracy, Sensitivity, Specificity  | ISIC 2018: Dice 91.56%  | Yes  | High computational complexity of standard Transformers (addressed by cross-shaped windows)  | Apply to broader medical segmentation tasks  | 9
DSU-Net: Dual-Stage U-Net based on CNN and Transformer for skin lesion segmentation  | 2025  | ISIC 2017, ISIC 2018  | ISIC 2017: 2150, ISIC 2018: 2594  | N/A | Resize (256x256), Normalization  | Horizontal Flip, Vertical Flip, Random Rotation (90 degrees)  | Lesion Boundary  | N/A | DSU-Net (Dual-Stage U-Net with ResNet-34 and Transformer blocks)  | New Architecture  | Yes [ImageNet]  | Dice, Jaccard, Accuracy, Sensitivity, Specificity, Hausdorff Distance  | ISIC 2017: Dice 92.54%  | Yes  | Requires significant computational resources due to dual-stage design  | Investigate lightweight variants for mobile deployment  | 9
Dual-scale enhanced and cross-generative consistency learning for semi-supervised medical image segmentation  | 2025  | ISIC 2018, ACDC  | ISIC 2018: 2594  | N/A (Semi-supervised splits used) | Resize (224x224), Normalization  | Random Rotation, Flip  | Lesion Boundary  | N/A | DEC-Seg (U-Net Backbone)  | New Architecture (Semi-supervised Framework)  | No  | DSC, Jaccard, ACC, SEN  | DSC: 89.26% (ISIC 2018, 20% labeled)  | Yes  | High computational cost due to multi-branch structure  | Design lightweight architectures, extend to 3D segmentation  | 9
EffiCAT: A synergistic approach to skin disease classification through multi-dataset fusion and attention mechanisms  | 2024  | ISIC 2019, ISIC 2020, Derm7pt (Merged)  | 58,457  | Balanced using Augmentation  | Resizing (224x224), Normalization, Hair Removal (DullRazor), Color Constancy (Shades of Gray)  | Rotation, Horizontal/Vertical Flip, Zooming  | N/A | Multi-class (8 classes: MEL, NV, BCC, AK, BKL, DF, VASC, SCC)  | EffiCAT (EfficientNetB0 + Coordinate Attention + Cross-Modality Attention)  | New Architecture  | Yes [ImageNet]  | Accuracy, Precision, Recall, F1-Score  | Accuracy: 98.45%  | Yes  | Model optimization required for low-latency mobile deployment  | Integration into mobile apps, XAI, testing on diverse datasets  | 10
Enhancing Melanoma Diagnostic: Harnessing the Synergy of AI and CNNs for Groundbreaking Advances in Early Melanoma Detection and Treatment Strategies | 2025 | HAM10000 | 10015 | Balanced using Data Augmentation (MCADT) | Grayscale conversion (as augmentation), Resizing (implied) | Random Horizontal Flip, Random Crop, Gaussian Blur, Random Perspective, Grayscale Conversion | N/A | Binary (Melanoma vs. Non-Melanoma), Multi-class (implied by MCADT name) | MCADT (Multi-Class Augmented Deep Transfer, Customized CNN) | New Architecture (MCADT) | Yes [ImageNet] | Accuracy, Sensitivity, Specificity, F1-Score | Accuracy: 93.43% (Melanoma detection) | Yes | Scarcity of annotated images, intricacy of cancer images, class imbalance | Test on more diverse skin cancer datasets, ablation studies for parameter optimization | 10
Enhancing the performance of CNN models for pneumonia and skin cancer detection using novel fractional activation function | 2025 | Small-ISIC2018, HAM10000 | Small-ISIC2018: 3297, HAM10000: 10015 | Small-ISIC2018: Balanced (Curated), HAM10000: No | Normalization (Pixel/255), Resizing (224x224) | Random Zoom, Horizontal/Vertical Shift, Random Rotation | N/A | Both | EfficientNet-B3 (with RLASFReLU) | New Activation Function (RLASFReLU) | Yes [EfficientNet-B3] | Accuracy, Precision, Recall, F1-Score, AUC | Accuracy: 98.77% (HAM10000) | Yes | Manual tuning of fractional order parameter ($\alpha$); Non-standard implementation (requires custom code) | Automate hyperparameter tuning, integrate with ViTs/GNNs, Explainable AI (XAI) | 9
Exploring adversarial deep learning for fusion in multi-color channel skin detection applications | 2025 | Created Systematic Dataset (17M patches), Pratheepan, HGR, ECU, COMPAQ | 17 million patches (from 400 source images) | Balanced (50 images per category) | Image cropping, Padding, Sliding window (3x3), Rescaling (1./255), Color space conversion (RGB, YCbCr, HSV, YUV) | Shear, Zoom, Horizontal Flip | N/A | Both | CNN, ANN, DNN, RNN, SAE | New Dataset, Color Space Fusion analysis | No | Accuracy, Loss, Time, Mean Error | ACC: 99.48% (Hybrid CNN-RNN on Created Dataset) | Yes | Computational constraints limited experiments; robustness of fusion against AML needs further confirmation | Investigate data poisoning (mislabeled patches), test against augmented data | 2
Facial thermal imaging: A systematic review with guidelines and measurement uncertainty estimation | 2025 | N/A (Review of 315 papers on thermal imaging protocols) | N/A | N/A | N/A | N/A | N/A | N/A | N/A | N/A | N/A | N/A | N/A | N/A | Lack of standardization in measurement protocols, variable environmental conditions, and undefined uncertainty budgets | Development of standardized guidelines and estimation of measurement uncertainty ($0.3^{\circ}C$ threshold) | 0
Generalizable and explainable deep learning for medical image computing: An overview | 2025 | HAM10000 | 10015 | No | Resize (224x224), Normalization (z-score) | None reported | N/A | Multi-class (7 classes: AKIEC, BCC, BKL, DF, MEL, NV, VASC) | ResNet50, DenseNet121, VGG16, EfficientNet-B0 | Standard (Evaluation of XAI methods) | No | Accuracy, Precision, Recall, F1-Score, Confidence Increase (ROAD), Execution Time | Accuracy: 86.79% (DenseNet121) | No | Limited dataset diversity (only 3 datasets); XAI methods (e.g., EigenGradCAM) perform poorly on complex cases; high computational cost for some XAI methods | Develop hybrid XAI techniques; improve visualization tools; extend to multimodal data and cross-domain applications | 8
Multimodal Biomedical Image Segmentation by Using Multi-Path U-Net  | 2025  | PH2, ISIC-2017  | 2200 (200 PH2 + 2000 ISIC-2017)  | No (PH2: 160 common, 40 melanoma)  | Zero padding  | Random Rotation, Horizontal Flip  | Lesion Boundary  | N/A | Multi-Path U-Net (with Multi-Level Blocks & Encoder-Decoder Path)  | New Architecture  | No | Accuracy, Jaccard Index, Precision, Recall, Dice  | PH2: Accuracy 96.0%, Jaccard 87.0%  | Yes  | Speed decreases when images exceed 2000; training time > 3 hours  | Incorporate transformers/attention modules, domain-specific pre/post-processing, combine with U-Net++  | 10
Pigmented skin disease classification via deep learning with an attention mechanism | 2025 | HAM10000 | 10015 | Balanced via Augmentation | Resize, Normalization | Random Rotation, Flip, Crop | N/A | Multi-class (7 classes: AKIEC, BCC, BKL, DF, MEL, NV, VASC) | CNN + Global Attention (GA) + Unified Module (UM) | New Architecture (Attention-based) | Yes [ImageNet] | Accuracy, AUC, Precision, Recall, F1-Score | AUC: 0.98 (Average) | Yes | Computationally intensive due to attention modules; reliance on single dataset | Validation on diverse datasets, deployment in mobile health applications | 9
SLP-Net: An efficient lightweight network for segmentation of skin lesions | 2025 | ISIC 2018, ISIC 2016, PH2 | ISIC 2018: 2594, ISIC 2016: 900, PH2: 200 | No | Resize (224x224) | Random Rotation, Flip | Lesion Boundary | N/A | SLP-Net (MCConvSNP + SLP + SFA + SDS) | New Architecture | No | Accuracy, Sensitivity, Specificity, Jaccard, Dice, FPS, GFLOPs | ISIC 2018: Acc 93.87%, DSC 88.21% | Yes | Generalization lags behind pre-trained models on small datasets; 8x upsampling causes edge info loss; over-aggressive edge segmentation | Explore SNP in attention mechanisms; Explore pre-training models | 10
Temporal integration of ResNet features with LSTM for enhanced skin lesion classification | 2025 | ISIC 2020, HAM10000 | ISIC 2020: >33,000, HAM10000: 10,015 | Imbalanced (Weighted loss functions and augmentation used) | Resizing (224x224), Normalization (pixel values 0-1) | Flipping, Affine Transform, Rotation (30 deg), Zoom, Linear Contrast, Gaussian Blurring | N/A | Binary (Benign vs. Malignant) | R-LSTM50 (ResNet50 + LSTM) | Hybrid Architecture (Spatial + Temporal integration) | Yes [ResNet50] | Accuracy, Sensitivity, Specificity, F1-Score | Accuracy: 95.72% (ISIC 2020) | Yes | Potential generalization challenges in extremely diverse clinical settings | Integrate Explainable AI (ExAID), comprehensive clinical validation, continuous learning mechanisms | 10
Unleashing the power of Manta Rays Foraging Optimizer: A novel approach for hyper-parameter optimization in skin cancer classification | 2025 | ISIC 2019, PH2, HAM10000 | 35,546 (ISIC 2019: 25,331; HAM10000: 10,015; PH2: 200) | Balanced via Augmentation (ISIC subset) | Resizing (32x32), BGR to RGB Conversion, Min-Max Scaling, Filtering | Rotation, Width/Height Shift, Shear, Zoom, Horizontal/Vertical Flip | N/A | Multi-class (8 classes [ISIC], 7 classes [HAM10000], 3 classes [PH2]) | VGG16 (Optimized by MRFO) | Hyperparameter Optimization using Manta Rays Foraging Optimizer (MRFO) | Yes [VGG16] | Accuracy, F1-Score, Precision, Recall, Loss, AUC | Accuracy: 99.96% (PH2) | Yes | Need for diverse clinical validation, cost-effectiveness analysis, and testing on varying image quality | Ensemble learning, Explainable AI (XAI), Scalability for clinical adoption | 10
YOLOSkin: A fusion framework for improved skin cancer diagnosis using YOLO detectors on Nvidia Jetson Nano | 2025 | ISIC 2020 | 2312 (Original), 4387 (Augmented) | Balanced via Augmentation | Resizing | Resizing (Multi-scale), Test-Time Augmentation (TTA) | N/A | Both | YOLO (v3tiny, v4tiny, v5s, v7tiny, v8s), Fusion SCDS | Fusion strategy (Confidence-based), Edge deployment (Jetson Nano) | No | Accuracy, Precision, Recall, F1-score, mAP@0.5, Inference Time | Accuracy: 96.1% (SCDS) | Yes | Misclassification due to color similarity, Inference time trade-off compared to single models | Clinical validation in hospital environments, integration into diagnostic workflows | 10
Advanced Deep Learning Models for Melanoma Diagnosis in Computer-Aided Skin Cancer Detection | 2025 | ISIC 2019, ISIC 2020 | ISIC 2019: 25,331; ISIC 2020: 33,126 | Balanced via Augmentation | Resize (224x224), Normalization | Rotation (40 degrees), Horizontal Flip | N/A | Binary (Melanoma vs. Benign), Multi-class (8 classes: MEL, NV, BCC, AK, BKL, DF, VASC, SCC) | DenseNet201, ResNet50V2, InceptionV3, VGG16, MobileNet | Standard (Comparative Analysis) | Yes [ImageNet] | Accuracy, Precision, Recall, F1-Score, AUC | Accuracy: 97.46% (DenseNet201 on ISIC 2020) | Yes | Computational complexity of deep models; class imbalance in real-world data | Develop hybrid models (e.g., combining CNNs with Transformers), integrate clinical metadata, optimization for mobile devices | 10
A Trustworthy Framework for Skin Cancer Detection Using a CNN with a Modified Attention Mechanism  | 2025  | HAM10000  | 10015  | Balanced via Augmentation  | Contrast Enhancement (CLAHE), Brightness Adjustment  | Rotation, Horizontal/Vertical Flip, Scaling, Translation  | N/A  | Multi-class (7 classes: Akiec, Bcc, Bkl, Df, Mel, Nv, Vasc)  | DCAN-Net (ConvNeXt + Channel/Spatial Attention)  | New Architecture  | Yes [Pre-trained ConvNeXt]  | Accuracy, Precision, Recall, F1-Score  | Accuracy: 97.57%  | Yes  | Unimodal data only, computational cost of attention mechanisms, challenges for real-time deployment  | Multimodal data fusion, real-time adaptation, clinical trials, expand dataset  | 10
Melanoma Skin Cancer Detection Using Deep Learning Methods and Binary GWO Algorithm | 2025 | ISIC 2019, ISIC 2020 | 2500 (1250 Benign, 1250 Malignant) | Balanced (Subsampled) | Resize (224x224), Normalization (Min-Max), Hair Removal (DullRazor), Noise Removal (Median Filter) | Rotation, Width/Height Shift, Shear, Zoom, Horizontal Flip | N/A | Binary (Benign vs. Malignant) | ResNet50, VGG16, MobileNetV2, InceptionV3, DenseNet121, Xception (Feature Extractors) + Binary GWO (Feature Selection) + SVM | Hybrid (DL Features + Metaheuristic Optimization) | Yes [ImageNet] | Accuracy, Precision, Recall, F1-Score | Accuracy: 99.42% (ResNet50 + BGWO + SVM) | Yes | High computational complexity, dependence on large annotated datasets, potential for overfitting | Explore other meta-heuristic optimization algorithms, validate on larger diverse datasets, real-time implementation | 10
Next-generation approach to skin disorder prediction employing hybrid deep transfer learning | 2025 | Skin Diseases Dataset (Kaggle) | 19,171 | Balanced via Augmentation | Resize (128x128), Normalization (0-1), Color Adjustment | Rotation (30 deg), Zoom (20%), Shift (10-20%), Horizontal Flip | N/A | Multi-class (19 classes: Acne, Actinic Carcinoma, Atopic Dermatitis, Cellulitis, Eczema, Drug Eruptions, Herpes HPV, Light Diseases, Lupus, Melanoma, Poison Ivy, Psoriasis, Benign Tumors, Systemic Disease, Ringworm, Urticarial Hives, Vascular Tumors, Vasculitis, Viral Infections) | HDTLM (DenseNet121 + EfficientNetB0 Hybrid) | Hybrid Architecture | Yes [ImageNet] | Accuracy, Precision, Recall, F1-Score | Accuracy: 98.18% | Yes | Dataset lacks variety for rare conditions; robustness to lighting/backgrounds not analyzed; computational requirements restrict low-resource use | Extend dataset; validate on external datasets; clinical implementation; add explainability (XAI) | 10
Improved CNN architecture for automated classification of skin diseases  | 2025  | Dermnet (Kaggle)  | 547 (300 used)  | Balanced (Subsampled 100/class)  | Cropping  | Rotation, Scaling, Translation  | N/A  | Multi-class (Rosacea, Atopic Dermatitis, Bullous Disease)  | DarkNet-53, ResNet-18, SqueezeNet, EfficientNet-b0 (and modified versions)  | Modified Architecture (Added FC layers)  | Yes [DarkNet-53, ResNet-18, SqueezeNet, EfficientNet-b0]  | Accuracy, Precision, Recall, Specificity, F1-Score, MCC  | Accuracy: 98% (DarkNet-53-4FC3)  | Yes  | Limited dataset size and variety (only 3 classes); did not use contrast enhancement  | Ensemble techniques, contrast enhancement, extend to more diseases, develop new backbone models  | 8
On-patient medical record and mRNA therapeutics using intradermal microneedles | 2025 | N/A (Biomedical Engineering/Materials Science study) | N/A | N/A | N/A | N/A | N/A | N/A | N/A | N/A | N/A | N/A | N/A | N/A | N/A | N/A | 0
A Mutual Bootstrapping Model for Automated Skin Lesion Segmentation and Classification  | 2020  | ISIC-2017, PH2, ISIC Archive  | ISIC-2017: 2750, PH2: 200, ISIC Archive: >21,000  | Imbalanced (Addressed via Hybrid Loss: Dice + Rank)  | Resizing (224x224), Whitening, Cropping  | Random Rotation, Zoom, Horizontal/Vertical Flips  | Lesion Boundary  | Multi-class (Melanoma, Nevus, Seborrheic Keratosis)  | MB-DCNN (Coarse-SN: Deeplabv3+, Mask-CN: Xception, Enhanced-SN)  | New Architecture (Mutual Bootstrapping Framework)  | Yes [ImageNet, MS-COCO, PASCAL VOC]  | Jaccard, Dice, Accuracy, Sensitivity, Specificity, AUC  | ISIC-2017: JA 80.4%, Avg AUC 93.8%; PH2: JA 89.4%, AUC 97.7%  | Yes  | Training is time-consuming (approx. 48 hours)  | Develop end-to-end learning framework, automated hyperparameter optimization, apply to other medical imaging tasks  | 10
Beyond Self-Attention: Deformable Large Kernel Attention for Medical Image Segmentation  | 2024  | ISIC 2017, ISIC 2018, PH2, Synapse, NIH Pancreas  | ISIC 2017: 2750; PH2: 200; Synapse: 3779 slices; NIH Pancreas: 82 volumes  | N/A  | Patching (3D: 128x128x64), Resizing (implied 2D)  | Standard Augmentation (Rotation, Flip - consistent with TransUNet/nnFormer)  | Lesion Boundary  | N/A  | D-LKA Net (MaxViT Encoder + Deformable LKA)  | New Architecture (Deformable Large Kernel Attention)  | Yes [MaxViT Encoder]  | DSC, SE, SP, ACC, HD95, Jaccard  | ISIC 2017: DSC 93.27%  | Yes  | Extension to 3D increases channel count substantially (mitigated by design); deformation adds parameters/FLOPs  | None explicitly stated (Conclusion summarizes contributions)  | 10
CPFNet: Context Pyramid Fusion Network for Medical Image Segmentation  | 2020  | ISIC 2018 (comprising ISIC 2017 and HAM10000)  | 2594  | Imbalanced (Addressed via Joint Loss: Dice + Cross-Entropy)  | Resize (256x192)  | Random left-right flipping  | Lesion Boundary  | N/A (Segmentation only)  | CPFNet (ResNet34 Encoder + GPG + SAPF)  | New Architecture  | Yes [Pre-trained ResNet34]  | Jaccard index (Jac), Dice coefficient (Dice), Accuracy (Acc)  | Jaccard: 82.86% (ISIC 2018)  | Yes  | Insufficient context extraction in single-stage U-shape networks; lack of post-processing  | Further post-processing; extension to other medical image segmentation tasks  | 10
DiffMIC-v2: Medical Image Classification via Improved Diffusion Network | 2025 | HAM10000, PMG2000, APTOS2019, ChestX-ray14 | HAM10000: 10,015 | Imbalanced | Center-crop, Resize (224x224) | Random flipping, Rotation | N/A | Multi-class (7 classes for HAM10000) | DiffMIC-v2 (Denoising U-Net + EfficientSAM + CNN Encoder) | New Architecture (Diffusion-based) | Yes [EfficientSAM, ResNet/DenseNet] | Accuracy, F1-score, AUROC | Accuracy: 90.9% (HAM10000) | Yes | Reliance on unimodal image data; Diffusion models inherently require iterative sampling (slower than standard CNNs) | Integrate clinical textual data as additional conditions; Enhance model controllability | 10
G-CASCADE: Efficient Cascaded Graph Convolutional Decoding for 2D Medical Image Segmentation  | 2024  | ISIC2018, Synapse Multi-organ, ACDC, Polyp, Retinal vessels  | Not reported (Referenced Supplementary)  | Not reported | Resize (384x384)  | None reported for ISIC (Random rotation/flipping for Synapse/ACDC)  | Lesion Boundary  | N/A | G-CASCADE (with PVTv2 or MERIT encoders)  | New Decoder Architecture (Graph Convolutional Attention)  | Yes [ImageNet]  | DICE, mIoU  | Results in Supplementary  | Yes  | None reported for proposed method  | Apply to other medical/semantic segmentation tasks  | 7
Label-Free Medical Image Quality Evaluation by Semantics-Aware Contrastive Learning in IoMT | 2025 | SkinQ (Synthetic from ISIC 2018), EyeQ, LiverQ | SkinQ: 6,015 (2,005 Good, 4,010 Reject) | Imbalanced (Reject > Good) | Partitioning into patches, PCA on patches | None (Zero-shot / Label-free method) | N/A | Binary (Good vs. Reject [Blur/Dark]) | SCL (ResNet-50 backbone via CLIP + NSS + Frequency Features) | Zero-shot Learning / Novel Architecture | Yes [CLIP] | Accuracy, Precision, Recall, Specificity, F1-Score | SkinQ: Accuracy 83.16%, F1 87.12% | Yes | Sensitivity to prompt definitions (ambiguity of synonyms); zero-shot model struggles with partial quality defects (e.g., uneven illumination) | Enhance robustness for various medical image types; investigate contribution of various components | 7
MALUNet: A Multi-Attention and Light-weight UNet for Skin Lesion Segmentation  | 2022  | ISIC2017, ISIC2018  | 4844 (ISIC2017: 2150, ISIC2018: 2694)  | No  | Normalization, Resizing (256x256)  | Vertical Flip, Horizontal Flip, Random Rotation  | Lesion Boundary  | N/A  | MALUNet (U-shape with DGA, IEA, CAB, SAB)  | New Architecture  | No | mIoU, DSC, Accuracy, Sensitivity, Specificity, Params, GFLOPs  | ISIC2018: mIoU 80.25%, DSC 89.04%  | Yes  | Proposed only for skin lesion segmentation  | Improve performance via pruning/NAS, apply to other diseases  | 10
MixFormer: A Mixed CNN-Transformer Backbone for Medical Image Segmentation  | 2024  | ISIC 2018, Synapse, ACDC, Kvasir-SEG, CVC-ClinicDB  | ISIC 2018: 2596 (Training)  | No (Augmentation used)  | Resize (224x224)  | Gaussian blur, Color dithering, Horizontal/Vertical Flip, Affine transformations (Rotation, Translation, Scaling, Shear)  | Lesion Boundary  | N/A  | MixFormer (Res2Net50 + Swin Transformer + MSAF + MMDA)  | New Architecture (Hybrid CNN-Transformer)  | Yes [Res2Net50, Swin Transformer]  | DSC, HD, mIoU, Accuracy, Precision, Recall, F1, MAE  | ISIC 2018: mIoU 0.841, F1 0.913  | Yes  | High parameter count and FLOPs; inputs restricted to 2D (ignoring 3D inter-slice correlations)  | Develop 3D segmentation network; optimize model to reduce parameters/FLOPs; explore end-to-end pretraining  | 10
SwinPA-Net: Swin Transformer-Based Multiscale Feature Pyramid Aggregation Network for Medical Image Segmentation  | 2022  | ISIC 2018, Polyp datasets (Kvasir, CVC-ClinicDB, CVC-ColonDB, EndoScene, ETIS), LIVis (Private)  | ISIC 2018: 2594; Polyp: 2248; LIVis: 1180  | Imbalanced (Addressed via combined Dice and BCE loss)  | Resize (384x384)  | Random flips, Random shifts  | Lesion Boundary  | Binary (Lesion vs. Background)  | SwinPA-Net (Swin Transformer Encoder + DMC + LPA + CNN Decoder)  | New Architecture (Dense Multiplicative Connection & Local Pyramid Attention)  | Yes [Swin-B] | mDice, mIoU, Recall, MAE  | ISIC 2018: mDice 0.911, mIoU 0.854  | Yes  | Many parameters; requires high-precision annotated images  | Develop lightweight unsupervised segmentation methods; intraoperative real-time application  | 10
U-NET V2: RETHINKING THE SKIP CONNECTIONS OF U-NET FOR MEDICAL IMAGE SEGMENTATION  | 2025  | ISIC 2017, ISIC 2018, Kvasir-SEG, ClinicDB, ColonDB, Endoscene, ETIS  | ISIC 2017: 2050, ISIC 2018: 2694  | No  | Resize (256x256)  | None reported  | Lesion Boundary  | N/A (Segmentation)  | U-Net v2 (PVT Encoder + SDI Module)  | New Architecture (Semantics and Detail Infusion)  | Yes [PVT]  | DSC, IoU, MAE, FLOPs, FPS  | ISIC 2018: DSC 91.52%, IoU 84.15%  | Yes  | None explicitly reported (Efficiency demonstrated)  | None explicitly reported  | 10
XBound-Former: Toward Cross-Scale Boundary Modeling in Transformers  | 2023  | ISIC-2016, PH2, ISIC-2018, Polyp-seg (Kvasir-SEG, ClinicDB, ColonDB, Endoscene, ETIS)  | ISIC-2016: 1279; PH2: 200; ISIC-2018: 2594; Polyp: >3000  | No (Cross-validation used for ISIC-2018)  | Resize (512x512)  | Vertical Flip, Horizontal Flip, Random Scale (0.9-1.1)  | Lesion Boundary  | N/A (Segmentation)  | XBound-Former (PVTv2 + im-Bound + ex-Bound + X-Bound)  | New Architecture (Cross-Scale Boundary-Aware Transformer)  | Yes [PVTv2]  | Dice, IoU, ASSD, HD95  | ISIC-2016: IoU 87.69%, Dice 93.08%  | Yes  | Fails on extremely low-contrast lesions; false boundary key-point detection can harm segmentation  | Fuse deep learning with low-level feature extractors; use separate models for boundary branches  | 10
A Geometric algebra-enhanced network for skin lesion detection with diagnostic prior  | 2025  | ISIC2020, ISIC Archive  | 37,648 (33,126 ISIC2020 + 4,522 ISIC Archive)  | Imbalanced (Addressed via distinct augmentation rates for classes)  | Resize (224x224)  | Horizontal/Vertical Flip, Scaling, Rotation, Central Crop, Shift, Shear (Skin Area Focus Module)  | N/A  | Binary (Melanoma vs. Non-melanoma)  | GRNet50 (Geometric Algebra ResNet) + Anomaly Feature Attention Module (AFAM)  | New Architecture (Geometric Algebra based)  | No  | Accuracy, Sensitivity, Specificity, AUC, F1-score  | Accuracy: 98.5%  | Yes  | Challenges with class imbalance; potential for false negatives/positives; generalization across diverse clinical settings  | Incorporate metadata; multi-class classification; apply to 3D imaging; optimize for lightweight/mobile devices  | 10
A novel approach for human diseases prediction using nature inspired computing & machine learning approach  | 2024  | UCI Machine Learning Repository (Labeled "Skin Cancer" but features match Breast Cancer WDBC); Private Diabetic Retinopathy Dataset  | Skin Cancer: 569 records (Features); Diabetic Retinopathy: 521 images  | Diabetic Retinopathy: Imbalanced (299 Healthy, 222 Infected)  | CLAHE (Contrast Limited Adaptive Histogram Equalization) for DR images  | None reported | N/A | Binary (Healthy vs. Infected/Disease)  | SVM, Random Forest, Naive Bayes, Decision Tree, Ensemble (Voting)  | Feature Selection (Ant-Lion Optimizer)  | No | Accuracy, F1-Score, Matthews Correlation Coefficient (MCC), Kappa Score, AUC  | Skin Cancer: Accuracy 97.18% (Ensemble); Diabetic Retinopathy: Accuracy 98.52% (Decision Tree)  | Yes | Manual feature extraction dependence; limited dataset sizes  | Apply to glaucoma detection; develop mobile application for symptom assessment  | 2
A Novel framework of Adaptive fuzzy-GLCM Segmentation and Fuzzy with Capsules Network (F-CapsNet) Classification  | 2023  | ISBI 2017, ISIC 2019, PH2  | 20,250 (ISBI 2017: 2750, ISIC 2019: 17,300, PH2: 200)  | Balanced (Mentioned "including balance data")  | Vignette/Dark Frame Removal (Cropping), Resizing (255x255), Hair Removal (Black-hat transform, thresholding, inpainting), Ink Marker Removal (HSV segmentation, inpainting), Contrast Stretching, Log Transformation  | None reported  | Lesion Boundary  | Binary (Melanoma vs. Non-Melanoma)  | F-CapsNet (Fuzzy-based Capsule Network)  | New Architecture (Fuzzy Logic + CapsNet)  | No  | Accuracy, Sensitivity, Specificity, AUC, Jaccard, Dice, Execution Time  | Accuracy: 99.45% (ISIC 2019)  | Yes  | None reported  | None reported  | 10
A survey on computer vision approaches for automated classification of skin diseases | 2025 | Dermnet, PH2, ISIC Archive (2020), HAM10000 | Dermnet: 19,500; PH2: 200; ISIC 2020: 33,126; HAM10000: 10,015 | Imbalanced (Identified as a major challenge) | Color Normalization (ACE, LAB), Contrast Enhancement (AHE), Denoising (Gaussian, Median, Wavelet), Artifact Removal (Hexa-GAN) | GAN-based (Hexa-GAN, DermGAN, STGAN) | Lesion Boundary | Both (Binary: Melanoma vs. Benign; Multi-class: Psoriasis, Eczema, Acne, Rosacea, etc.) | Review of CNNs (AlexNet, VGG, DenseNet, EfficientNet, ResNet), Hybrid Models (CNN+SVM, CNN+BiLSTM) | N/A (Survey Paper) | Yes [Review of methods using Transfer Learning] | Accuracy, Sensitivity, Specificity, Dice Coefficient (DC), Jaccard Index (JI), Precision, Recall, F1 score | N/A (Survey of multiple studies) | Yes | Image variability; data annotation subjectivity; class imbalance; lack of model interpretability (black box); domain adaptation issues | Develop bio-inspired color normalization; automated annotation; novel loss functions for imbalance; explainable AI (XAI); domain adaptation techniques | 10
Automatic skin lesion segmentation using attention residual U-Net with improved encoder-decoder architecture  | 2025  | PH2, ISIC 2016, ISIC 2017, ISIC 2018  | PH2: 200; ISIC 2016: 1279; ISIC 2017: 2750; ISIC 2018: 3694  | N/A (Segmentation only) | Resize (256x256)  | Flipping, Height Shift, Width Shift, Rotation, Shear  | Lesion Boundary  | N/A (Segmentation only) | ARU-Net-MD (Attention Residual U-Net + Modified Decoder)  | New Architecture  | No  | Accuracy, Dice, Jaccard, Sensitivity, Specificity  | Accuracy: 97.05% (ISIC 2016)  | Yes  | Challenges segmenting lesions resembling normal skin; higher computational intensity during training compared to U-Net  | Reduce computational complexity; develop unified model for various medical segmentation tasks; extend to classification  | 10
Deep Bayesian Active Learning with Image Data  | 2017  | ISIC 2016 (Part 3B)  | 900  | Imbalanced (727 Benign, 173 Malignant)  | None reported  | Vertical/Horizontal Flipping (positive examples)  | N/A  | Binary (Malignant vs. Benign)  | VGG16 (Bayesian CNN)  | Deep Bayesian Active Learning Framework  | Yes [ImageNet]  | AUC  | AUC: ~0.76 (Active Learning with BALD)  | Yes  | Prolonged training times due to model resetting; Variation Ratios acquisition function failed on this dataset  | Reduce computational cost by updating model without resetting; avoid local optima  | 9
Deep ensemble model for skin cancer classification with improved feature set  | 2025  | PH2, ISIC 2018  | PH2: 200 (80 common nevi, 80 atypical nevi, 40 melanomas)  | Imbalanced  | Gaussian Filtering  | None reported  | Lesion Boundary  | Multi-class (PH2: Common nevi, Atypical nevi, Melanoma)  | Deep Ensemble (Bi-GRU + Deep Maxout + Improved Deep CNN) optimized by HAAOA  | Ensemble + New Optimization Algorithm (HAAOA)  | No  | Accuracy, Sensitivity, Specificity, Precision, F-measure, MCC, FNR, FPR, NPV  | Accuracy: 97.22% (PH2)  | Yes  | Small dataset size  | Efficient feature discrimination networks; Test on larger datasets; Cross-platform applications  | 10
Dermo classify: A dermatologist skin disease detection and classification using DCNN  | 2025  | HAM10000  | 10,015 (Reduced to ~8,974 after removing similar images)  | Imbalanced (Addressed via Data Augmentation)  | Resize (125x125), Rescaling (1/255)  | Rotation, Width/Height Shift, Shear, Zoom, Horizontal Flip  | N/A  | Multi-class (7 classes: NV, MEL, BKL, BCC, AKIEC, VASC, DF)  | CNN, ResNet, Xception  | Standard (Comparative Analysis)  | Yes [ImageNet]  | Accuracy, Loss, F1-Score  | Accuracy: 98.37% (CNN)  | Yes  | Model prone to overfitting due to complexity and small dataset; system lacks disease-related info/precautions  | Provide specific disease-related information and user precautions  | 5
Diagnosis of skin cancer using VGG16 and VGG19 based transfer learning models  | 2024  | ISIC 2020, MED-NODE  | 2541 (1200 Melanoma, 1341 Benign)  | Balanced (Random Undersampling)  | Resize (224x224)  | None  | N/A  | Binary (Melanoma vs. Benign)  | Modified AlexNet fused with VGG16/VGG19 (Dual Transfer Learning)  | Dual Transfer Learning (Retraining initial and final layers)  | Yes [VGG16, VGG19, AlexNet]  | Accuracy, Sensitivity, Specificity  | Accuracy: 98.18%  | Yes  | Potential for overfitting in complex datasets; challenges associated with domain shifts  | Explore impact of different pre-trained architectures; investigate varying degrees of fine-tuning  | 10
DU-Net+: a fully convolutional neural network architecture for semantic segmentation of skin lesions | 2025 | ISIC 2018 | 2594 | N/A (Segmentation task) | Resize (192x256) | None reported | Lesion Boundary | N/A | DU-Net+ (Double U-Net with VGG19 Encoder, ASPP, Attention Gates) | New Architecture | Yes [VGG19] | Dice Coefficient, Jaccard Index, Accuracy, Precision, Recall, Specificity | Dice: 0.9234, Jaccard: 0.8465 | Yes | Computational complexity of the double U-Net structure | Optimize for real-time applications; extend to 3D medical imaging tasks | 10
Enhanced Skin Cancer Diagnosis via Deep Convolutional Neural Networks with Ensemble Learning  | 2025  | HAM10000  | 10,015  | No (Imbalanced)  | Resize (299x299)  | Minimal (Keras ImageDataGenerator)  | N/A  | Multi-class (Melanocytic Nevi, Melanoma, Benign Keratosis, Actinic Keratosis, Vascular Lesions, Dermatofibroma, Basal Cell Carcinoma)  | ResNet50, InceptionV3, VGG16, Ensemble (ResNet50+InceptionV3)  | Ensemble Learning  | Yes [Pre-trained]  | Accuracy, Precision, Recall, F1-score  | Accuracy: 94.17% (InceptionV3 + ResNet50)  | Yes  | High architectural complexity and prolonged training times for ensemble methods  | Integrate clinical images with dermoscopy images; utilize saliency object or feature detection  | 9
Facial thermal imaging: A systematic review with guidelines and measurement uncertainty estimation | 2025 | N/A (Review of 315 papers on thermal imaging protocols) | N/A | N/A | N/A (Focus on physical measurement parameters like emissivity, distance, acclimatization) | N/A | N/A | N/A | N/A | N/A | N/A | Measurement Uncertainty ($^\circ C$) | Uncertainty threshold of 0.3$^\circ$C | N/A | Lack of standardized protocols resulting in unreliable measurements | Adoption of proposed guidelines for accurate facial thermography | 0
Intelligent fusion-assisted skin lesion localization and classification for smart healthcare  | 2024  | ISBI2016, ISIC2017, ISBI2018, ISIC2019, HAM10000  | ISBI2016: 900+379; ISIC2017: 2000+150+600; ISBI2018: 2594; HAM10000: 10015; ISIC2019: 25331 (Used a subset)  | Not reported | Contrast enhancement (Top-hat and Bottom-hat filtering), Resizing (256x256)  | None reported | Lesion Boundary  | Multi-class (HAM10000: 7 classes, ISIC2019: 8 classes)  | Fusion Framework (20-Layer CNN + 17-Layer CNN for segmentation; 30-Layer CNN for classification)  | New Architecture (Fusion of custom CNNs & Summation Discriminant Correlation Analysis)  | No (Trained from scratch)  | Accuracy, False Negative Rate (FNR), Sensitivity, Computational Time  | Classification Accuracy: 87.02% (HAM10000), 94.6% (ISIC2018), 91.3% (ISIC2019); Segmentation Accuracy: ~92.7%  | Yes  | Increased feature dimensionality after fusion process  | Feature selection and dimensionality reduction approaches  | 10
Multiclass skin lesion classification in dermoscopic images using swin transformer model  | 2023  | ISIC 2019  | 25,331  | Imbalanced (Addressed via Weighted Cross Entropy Loss with inverse class frequency weighting)  | Resize (224x224), Normalization  | Random Horizontal/Vertical Flips, Color Jitter (Brightness, Contrast, Saturation)  | N/A  | Multi-class (AK, BCC, BKL, DF, MEL, NV, SCC, VASC)  | Swin Transformer (Swin-L)  | Application of Swin Transformer to skin lesion classification  | Yes [ImageNet-22K]  | Sensitivity, Specificity, Accuracy, Balanced Accuracy  | Balanced Accuracy: 82.3%, Accuracy: 97.2%  | Yes  | Absence of preprocessing/postprocessing stages; lower sensitivity for minority classes (e.g., DF)  | Integrate preprocessing and postprocessing stages; explore specific transformer-based models  | 10
Multi-feature Fusion Deep Network for Skin Disease Diagnosis | 2024 | Skin_disease_v1 (Private), HAM10000 | Skin_disease_v1: 609; HAM10000: 10,015 | Imbalanced (HAM10000) | Resizing (224x224), Normalization | Rotation, Width/Height Shift, Shear, Zoom, Horizontal/Vertical Flip | Lesion Boundary | Multi-class (Skin_disease_v1: 4 classes; HAM10000: 7 classes) | Fully Fused Network (FFN) (ISB + IFB with MobileNetV2, ResNet50, DenseNet121, Xception) | New Architecture (ISB for segmentation, IFB for feature fusion) | Yes [MobileNetV2, ResNet50, DenseNet121, Xception] | Accuracy, Precision, Recall, F1-score | HAM10000: Accuracy 97.6%; Skin_disease_v1: Accuracy 98.49% | Yes | Limited size of the proprietary dataset (Skin_disease_v1) | Expand dataset with more images; explore other DL architectures | 10
Optimize brain tumor multiclass classification with manta ray foraging and improved residual block techniques | 2025 | Brain Tumor MRI Dataset (Irrelevant to Skin Lesions) | N/A (Brain Tumor Study) | N/A | N/A | N/A | N/A | N/A | CNN + Manta Ray Foraging Optimizer (MRFO) + Improved Residual Blocks | New Optimization/Architecture Integration | N/A | N/A | N/A | N/A | N/A | N/A | 0
Skin Cancer Classification Using Deep Spiking Neural Network  | 2023  | ISIC 2019  | 6,993 (3670 Melanoma, 3323 Non-Melanoma)  | Balanced (Subset selection to address imbalance)  | Poisson encoding (Conversion to spikes)  | None reported | N/A | Binary (Melanoma vs. Non-Melanoma)  | Spiking VGG-13 (Integrate and Fire neurons)  | Application of Deep Spiking Neural Network with Surrogate Gradient Descent  | No  | Accuracy, F1 score, Sensitivity, Specificity, Precision  | Accuracy: 89.57%, F1 score: 90.07%  | Yes  | Challenging visualization of deep spiking neural networks  | None reported | 8
Skin cancer detection using ensemble of machine learning and deep learning techniques  | 2023  | Kaggle (Processed ISIC Archive)  | 3,297 (2,637 Training, 660 Testing)  | Balanced  | Resize (224x224)  | Rotation, Horizontal/Vertical Flip, Brightness, Contrast, Zoom  | N/A  | Binary (Malignant vs. Benign)  | Ensemble (Modified VGG19 + Logistic Regression + Linear SVM)  | Ensemble of Handcrafted (ML) and Automatic (DL) features  | Yes [VGG19]  | Accuracy, Precision, Recall, F1-Score  | Accuracy: 93%  | Yes  | Slight increase in model inference time due to ensemble complexity  | Extend to 3D multimedia applications; Integrate into smartphones/web apps  | 10
DuAT: Dual-Aggregation Transformer Network for Medical Image Segmentation  | 2024  | ISIC-2018, Polyp datasets (ETIS, CVC-ClinicDB, CVC-ColonDB, EndoScene-CVC300, Kvasir-SEG), 2018 Data Science Bowl  | ISIC-2018: 2596  | No  | Resize (ISIC: 512x384, DSB: 256x256), Multi-scale training, Color exchange  | Rotation, Horizontal flip  | Lesion Boundary  | N/A  | DuAT (PVT Encoder + GLSA + SBA)  | New Architecture (Dual-Aggregation Transformer)  | Yes [PVT] | mDice, mIoU, MAE  | ISIC-2018: mDice 0.923, mIoU 0.867  | Yes  | None reported  | None reported  | 10
DAE-Former: Dual Attention-Guided Efficient Transformer for Medical Image Segmentation  | 2023  | Synapse, ISIC 2018  | Synapse: 3779 slices  | No | Resize (224x224)  | None reported | Lesion Boundary | N/A | DAE-Former (U-Net-like Hierarchical Pure Transformer with Efficient Dual Attention and SCCA)  | New Architecture  | No (Trained without pre-training weights)  | DSC, HD, SE, SP, ACC  | ISIC 2018: DSC 0.9147, ACC 0.9641  | Yes  | None reported | None reported | 10
EGE-UNet: An Efficient Group Enhanced UNet for Skin Lesion Segmentation  | 2023  | ISIC2017, ISIC2018  | ISIC2017: 2150; ISIC2018: 2694  | N/A (7:3 Train/Test split used)  | Normalization, Resize (256x256)  | Horizontal Flipping, Vertical Flipping, Random Rotation  | Lesion Boundary  | N/A (Segmentation)  | EGE-UNet (U-shaped with GHPA and GAB modules)  | New Architecture (Lightweight)  | No | mIoU, DSC  | ISIC2018: mIoU 80.94%, DSC 89.46%  | Yes  | Designed currently only for skin lesion segmentation; not yet deployed in real-world environments  | Deploy in real-world environments; extend lightweight design to other tasks  | 10